carID,price
13207,31995
17314,7700
12342,58990
13426,12999
16004,16990
18964,40890
17053,25990
19021,41980
17429,25490
16726,3491
17081,13750
18995,17999
13055,46050
12510,20498
13430,22750
19049,16000
17822,6890
16655,31269
18480,25998
16270,17999
14435,37500
13161,4995
12817,17950
12857,13495
13738,5475
18374,23000
13105,18640
15122,41606
17363,10498
16597,12912
15848,20399
15114,20999
13714,21998
14648,49950
13750,18995
13995,16490
15017,11850
14255,26090
18540,15650
13827,17800
12626,17590
17894,14495
16871,42995
13987,49991
14061,21498
12573,7724
15725,12995
15629,29990
18127,29998
13957,50786
13304,19948
12774,12990
12733,16999
19535,34390
12144,27500
16299,27498
13920,22490
19103,5475
17287,18995
17146,12998
18095,12298
18554,20995
12271,18690
16431,6790
18935,15999
12864,5990
19110,20000
18626,20950
14590,7795
18512,22000
14983,6775
18999,9995
15719,19999
15162,49980
18468,15998
17832,25998
13321,18390
15401,24945
16001,20500
13112,14998
12567,57870
12366,46980
17137,9498
12304,13965
15538,27890
14711,6795
14728,13400
18636,24295
17353,22290
18198,16000
16125,17200
16182,12000
14106,42489
12516,7450
15589,23795
17108,36790
15995,19199
17306,27000
15389,17000
17200,5995
16250,15599
17633,26000
12751,30995
16375,52888
14138,20499
19006,9999
13168,4495
12962,10000
13937,11500
14085,15979
14766,17100
14970,10275
18264,15298
16053,51402
14282,69994
17578,16459
12959,3595
14635,23995
15032,22999
19005,18500
13177,19952
18255,8850
14720,25000
17624,16250
14174,17958
13816,16990
19544,14498
19165,37790
16138,17898
16606,13490
13514,16781
15644,33990
16918,13300
18085,135124
13226,33290
16908,5995
14628,33450
12058,24000
16049,18500
14951,15495
17375,46000
17153,17299
15618,16799
12237,13650
15590,24500
16631,19200
13486,20795
12712,12998
19392,16299
16328,17495
12198,76970
18013,24690
15711,19899
18094,11000
17638,30700
16418,11795
17341,19990
12466,34399
18571,15199
16449,7280
19133,48000
18228,21495
14031,14075
14233,19500
15137,47890
16284,29399
15868,11999
17964,7495
13289,19750
19266,46795
19588,27994
14704,17999
17741,17500
17237,11891
17034,14990
12856,17995
19143,32970
14566,53990
17941,9185
12741,17900
13910,12498
18166,9475
12679,13995
17823,25390
12616,17000
14906,23994
19480,38343
12404,21150
14654,8485
12051,28995
16714,26999
19494,20480
17444,22000
16879,8299
17522,6985
18082,17390
19058,14800
16026,16490
13200,4650
13675,8189
12640,10499
12978,20842
14076,109995
14577,39480
13575,15990
18682,52700
18078,56000
18478,15999
19141,28675
16974,67989
16006,44950
12653,6688
16813,20750
16936,39950
14033,18998
18363,9240
16900,19999
18025,15990
13848,25460
16208,48995
13841,13490
14265,3990
18586,9500
12925,18999
18548,34000
12493,10400
18806,17995
14276,32000
18194,7990
17162,36999
18698,24998
12646,17000
18259,9499
16487,23995
17871,14500
12207,9795
14600,16299
15106,34900
16533,15940
19146,28990
18894,27900
13800,17750
18243,5300
15659,13750
18780,18000
18933,20000
14400,10941
13598,54900
16243,26922
19046,18150
14995,17990
16156,19995
12780,44990
17230,13998
19154,20950
17170,19498
14155,19495
17308,41999
13255,29998
14311,42460
19393,22990
12301,17650
18687,8790
17760,31888
14908,26995
13431,24990
18937,84496
18506,13981
19464,23400
14547,19490
16274,14500
15587,23000
16201,16991
15510,33791
17859,37980
14084,25995
12842,22795
18313,12295
13822,22000
13743,42490
15657,35480
13428,4391
16488,11998
17023,16495
15880,37991
16626,53995
18385,6995
19302,31720
19063,14999
16416,17995
19186,14382
12421,34950
15939,10712
14971,27450
16249,14972
16100,42900
14801,4500
18138,36950
17046,12995
12084,15490
18661,56400
17430,34000
16752,33999
19529,5495
15544,13522
12997,22511
15560,15495
16273,20000
13104,4995
16336,9000
15333,64999
18089,35995
17874,5666
19347,16250
17270,13000
14902,10480
15948,31999
18075,27990
16060,22500
18851,10995
18556,31000
15116,18490
12261,12490
18981,15990
17093,32995
14652,8990
16202,71995
18517,9490
16598,17995
16333,18000
16002,33000
18163,18500
12150,44500
12036,7995
19622,12998
13578,4990
15531,43495
14617,36980
14686,9475
12797,49499
15425,11000
12794,45990
16440,20500
13691,30580
15330,16725
18652,6998
12066,21591
18199,5945
18943,7050
15387,10698
19546,9660
17459,4998
17785,12370
15526,13500
14113,48995
14542,20995
14849,61797
17340,31723
17299,13300
16997,9625
14938,10495
15673,63806
19599,6190
16773,14750
16185,14750
18382,20999
16283,7298
18351,22000
12498,12298
12696,14795
15932,18498
12433,34495
13724,1985
17484,11180
19253,15995
15676,3195
13404,13295
13559,35995
12262,12444
13917,19000
16736,18698
14074,11995
14269,19499
16946,9995
16451,24500
17210,25995
14949,47498
17696,3499
15735,21995
12021,41632
12527,48990
18466,13999
13123,19991
12409,64980
13657,10995
15340,7785
15488,1995
14283,16438
16547,52490
12700,7750
14539,9498
14534,3195
17820,57970
17048,20000
12061,5899
16193,3999
13097,9422
14914,26980
18115,7298
17082,38572
19001,9000
17077,20498
12395,4430
19035,23750
12809,64990
12725,36498
16628,25990
18866,19950
12814,14000
13405,29995
12317,10000
13474,13795
16623,20100
15468,8489
15328,18500
19234,34930
18639,49999
16518,9599
16179,37790
12535,51000
12813,19099
15355,27500
13711,13495
18293,25490
19473,25490
14786,20590
13507,40999
16369,34995
13844,61948
18743,38975
16741,44995
15747,23999
12588,8298
16632,16798
19540,19748
18402,15490
12952,10495
17772,15490
13685,28622
19029,12498
13899,24995
12377,30900
17577,34490
12966,14498
19605,7995
12760,20995
14285,16495
15149,12495
15573,12000
15392,21999
14807,52999
13232,18350
17243,21498
12519,9491
18701,16500
14425,52422
15887,27750
16556,35400
16412,33850
18872,20000
12987,26490
13564,18588
15743,28965
13247,14990
17842,19300
17604,27995
12935,69948
13296,63999
12164,47980
18739,43898
12489,10498
19418,4990
18649,30999
14041,21700
18225,5495
15024,55890
18621,26990
13540,17000
17763,14998
16245,13998
15159,35995
16441,35000
13949,17990
13246,16995
18246,30495
15087,19500
18675,34995
18645,24499
12718,19999
17599,15998
16982,9795
13128,17950
17110,39799
16637,25945
18316,38990
17503,9750
17705,18998
12613,8991
14979,8750
14289,45550
14363,12000
12394,19750
18492,18990
17296,26995
13533,15975
15913,32280
19316,69995
13784,26995
15829,51540
12969,15000
13613,19999
15040,15362
13680,26490
12455,45400
17512,13440
18563,17250
18534,16950
19284,139948
14142,8495
16382,30990
18594,15490
17765,10499
12644,11292
19504,38995
13196,12995
13380,32397
15115,35845
15918,21998
14007,27990
17783,14485
19356,4591
12875,67600
18158,10775
13451,15000
15956,28995
19202,72500
15919,9995
19000,12245
13648,15998
14838,16700
14959,16295
18543,5990
18818,5290
18946,54990
14353,16991
19081,34980
14845,12500
17391,7995
15881,18495
17492,13480
15771,20749
18423,20998
12625,43990
13977,1490
17227,9499
19248,18995
14460,69990
12022,10590
18357,41980
13030,17650
16456,6499
13941,21499
18155,21400
15121,40000
17489,1990
19574,25500
13511,37995
15557,20498
16173,10998
13080,9990
12175,52995
16934,20995
16528,18999
12835,21502
17477,15998
19587,39950
15090,13000
15841,20950
17017,14495
19095,2350
13870,22999
14271,15000
15026,26500
13363,28900
15319,41962
12369,27300
18334,58500
14678,10495
16296,41945
17300,39500
14881,63990
12398,9980
13436,29197
13874,47980
16760,39999
14148,69950
19413,23498
13748,12750
13111,22295
12302,52850
18861,9126
18186,11495
15140,27498
13410,43899
16986,23970
18801,20000
18373,28490
13529,40000
16745,8999
14209,17485
13429,18495
13864,46000
19399,33990
13568,25995
16228,9975
15554,14899
17676,9680
15054,32249
17019,13500
15937,8000
14125,15870
19109,19495
14621,28495
19126,19990
12464,20899
12502,11998
14227,29491
12820,47995
12249,23999
13891,15498
13018,3295
16315,11295
14329,32900
16045,9295
17054,18400
18852,10995
12106,32000
13239,9999
16364,14980
13187,6995
19470,14199
19130,29941
13576,39995
17591,19689
13399,6451
12251,79991
17784,15995
18718,17495
13849,15995
19516,25999
17084,10498
12532,17489
18280,16700
12572,12770
16620,54975
19015,14980
17815,35850
16739,26000
15192,26498
14746,28990
15984,22450
13054,15985
15553,5495
15902,14900
12358,16250
18510,42248
14869,16980
17752,11990
14774,64789
15459,59950
16054,12210
15370,19000
14595,50850
18605,48642
15432,51000
16428,28000
19458,36990
12664,18670
17548,23999
19246,23780
18399,11100
14947,8595
15596,20099
19041,29495
19359,34999
19396,8998
19252,9588
17786,17650
16685,54995
19617,34000
12607,22890
13455,22990
17359,7998
19118,19500
18430,9191
17569,6940
16473,23980
17922,24495
16039,20498
16088,44491
17451,46532
19226,5499
13292,12495
18222,14499
16051,11500
17974,34979
17796,10995
18101,35995
17729,12998
17086,21995
17261,10850
17437,26899
14340,35850
15900,6995
13318,12295
17682,17680
18781,32599
19120,12990
14490,39980
13139,10799
12393,6750
12905,15000
14860,27500
17121,20498
15945,24995
15016,19995
14705,66988
12983,40480
15034,34000
16807,60000
19097,5998
18322,23256
12924,93499
13485,23999
16553,39990
13466,49995
18365,33990
15837,14694
18364,67699
19463,13875
18910,15998
12828,28500
16850,70995
14739,9499
13605,25165
18047,48790
12587,5990
15334,46220
14258,5200
18346,7298
19188,18600
14390,28990
17770,11700
15874,25499
18562,33498
18289,23498
16183,46002
14751,17000
16020,7995
17260,10800
13394,10998
16868,8899
13971,52990
12844,33998
18304,20000
14673,11495
12135,24695
12177,14990
13026,44888
16931,21795
17438,39500
17384,6500
18375,17500
13211,14000
12638,10185
16041,9781
19071,10277
13127,47480
16047,15995
13725,5192
13740,6695
12011,25995
14486,14302
14689,5113
15813,55156
16618,15240
17650,17250
17643,14000
12499,50395
12132,23990
13492,17950
16744,19900
12414,11598
15352,22260
14662,11999
15433,41530
15705,17995
17835,43785
12244,17991
17678,43990
17554,32990
15191,49000
15033,56000
13608,36490
14867,15698
18547,16500
14014,17900
16142,25640
13356,16499
13723,20625
14342,11495
18569,25000
13737,14299
17547,20000
12335,42995
17593,11995
18426,17000
16851,32570
19364,54561
14392,18480
15504,54991
19273,11549
12906,6500
18145,41986
12140,16500
16979,21769
16805,10990
12628,9795
13037,15999
12296,6645
18990,33450
17855,18999
18519,13998
16755,13795
14171,31000
17812,58700
15013,18595
17965,4498
15395,14495
17226,56995
16728,9280
14663,2495
17337,21948
15953,11600
14826,53995
17462,31500
17775,17999
14606,8000
14918,34990
14923,20990
13065,21770
15783,17498
16171,9698
16668,23999
15822,18995
13461,8498
19221,13998
19106,5000
14894,18495
15758,57752
19191,10998
19608,17999
19160,19995
13294,11485
15217,137995
16909,18994
17286,16000
18913,27981
16019,34490
15111,21000
18281,30298
18405,25000
18088,9495
18452,38990
15190,38999
16565,20700
13411,44980
16729,13950
12010,27998
13310,46980
17098,15490
13979,21995
12253,47999
12297,30999
14389,8000
13175,14600
16894,32998
18229,15990
18892,23997
16616,30500
19082,11995
15952,16280
17130,15395
15819,25495
12719,11503
18414,18595
19482,47995
18893,17998
12586,49995
16007,10499
16722,67109
16640,31870
15185,19798
19465,39900
14669,13998
14312,34495
14429,33991
12654,25650
16108,7999
18473,37980
14794,29280
17623,16250
13993,22798
19213,18450
12537,18000
12578,19495
12624,8991
13357,25590
12956,33999
13686,5950
13902,9495
12108,59990
16677,52995
18868,33490
15331,14995
13229,10000
18665,44898
19220,21400
17708,20999
13061,19998
17479,33950
17550,9695
18840,6975
18619,32550
18673,3495
13887,33990
13807,33500
18559,22250
17194,28995
15177,43950
17497,58995
12006,14000
15845,7891
13799,10899
17685,19000
14922,20995
14626,10950
17926,17995
12143,9698
12524,47899
12682,19770
14397,15000
14517,15289
16164,14274
16474,9628
13876,10730
17616,18750
17217,25500
16964,5495
19545,18999
14225,16980
13846,55485
14769,54500
18778,12750
13661,29990
19378,13200
14066,24000
15924,14988
12275,16480
18734,24900
12286,16600
14831,6826
16875,29900
17089,27825
13302,22950
14000,137500
19527,55980
15154,8490
18380,18990
16638,30990
14335,10495
16799,54999
14266,19998
15238,9490
13982,31990
15458,18500
14146,26490
15721,11999
14750,59995
16738,46995
13342,16640
16420,56450
13307,9790
12163,27998
16374,13330
17362,15990
12637,10698
15472,24000
18390,44500
15796,20000
18099,49995
17409,5695
12120,19995
16247,23700
19034,14995
14432,63950
14679,19795
15917,9797
13871,24899
13761,13998
12879,19998
18805,39999
13532,19499
17229,7995
13372,12990
18689,13998
15882,25000
14131,43990
12901,9250
18349,41376
19345,16995
19128,10998
18061,9999
16943,12991
19012,13437
16672,39999
14953,13000
18002,19700
18702,13999
19481,35694
13974,18790
12236,1990
16865,49800
13390,16500
16956,9998
17555,18999
17119,8340
17157,6700
15816,21200
17773,15598
14765,10500
13261,11495
12606,49990
15421,17400
12800,38489
17854,4999
12200,17999
19379,14995
18676,8750
15358,7599
14641,16995
15786,14400
12078,20480
12272,18500
13264,18000
16400,29990
17800,13791
12441,32800
17402,104590
18959,28999
17645,17000
13572,15117
13999,9965
15977,19965
16749,7699
15442,47400
14272,17500
15164,16498
16014,54550
17326,17995
14050,23740
15772,25000
17557,13496
12914,39500
19032,31113
17488,40399
14754,8495
16357,10500
16829,35995
17050,32980
12118,16995
13506,32495
18752,63099
13706,11490
15797,18990
16550,8495
19115,30000
15113,15995
12643,9950
16169,8500
13571,22475
15108,32490
13520,45995
15613,17599
19205,13990
14544,42888
14032,20999
17312,15998
13545,4290
15682,27995
13467,19199
12194,27990
15713,54990
19404,16299
13881,15690
16032,18990
13237,12400
19210,27998
16484,5980
19024,8495
16958,48990
13656,54490
12454,11995
17619,41990
13060,4995
12215,7970
18460,27599
14793,10600
18187,19500
18954,46480
13376,5000
16470,10000
18812,25950
18856,45000
15567,59973
18270,20490
15947,43499
14580,12995
14231,13995
16678,19498
15344,850
13243,25995
14200,2975
14871,61854
15158,45636
18192,21999
12693,42000
14249,16299
16549,17299
13107,48000
19061,24000
15730,14728
18069,46895
15723,12990
18583,12995
14917,32290
12577,56996
18406,10700
17136,50390
18794,2195
12845,18894
16511,12000
13213,13990
15647,11645
14247,12998
13990,3491
17177,9065
14369,36500
18591,23498
12278,31995
14561,23650
16175,36390
18746,1200
13996,18979
14484,15990
13659,26995
18161,24999
16704,14985
14620,13990
17009,39990
16286,14591
12089,34950
18732,59991
12543,19990
17376,5995
12110,13590
13821,27990
15486,8311
15821,3990
16771,4500
18303,20800
13704,38995
14783,1954
18338,20699
15293,9000
19033,37970
12098,4490
14511,14500
13450,9295
18333,20495
18271,8490
18434,29490
13334,32450
19040,9791
14655,18795
19069,27998
19155,41495
15791,5999
15246,8990
16578,7795
19337,28944
15363,2295
15895,10998
17734,12850
17979,23995
16285,27990
14772,15995
17947,9798
13459,7994
13826,44990
18637,36495
17169,28995
18440,38950
12121,25499
17520,20595
19489,33490
18457,13887
12758,6975
12161,20990
16457,21980
12929,15601
19280,48896
15604,17999
17988,17995
19339,23990
17583,19999
18699,48499
14990,17990
12125,28995
16089,13498
13819,21501
17208,29990
16818,8298
18499,16499
17908,54999
13911,2995
16967,39990
12834,25820
16146,15998
14239,53750
15916,20799
13475,10290
12593,31895
16248,15795
15537,14498
15268,26880
13948,8590
15223,11355
12913,10990
16852,46995
17818,16750
16735,11700
18206,16990
13117,48998
18660,21900
17452,24480
12197,8495
19125,17999
14015,20000
12445,12490
16961,23995
12699,7195
13965,18990
13499,23750
19496,9995
13075,6995
17480,58940
13029,1550
15254,24498
12461,11498
17790,8995
13021,3950
17688,28995
13154,46000
13217,11985
18453,34990
19311,33998
15402,33870
17720,11000
17403,16990
13502,15965
19031,16700
13715,9450
15435,8995
18679,3990
14659,18450
14362,52950
16558,10990
14558,20000
18068,8250
12934,11485
19321,7885
14263,6499
19303,8998
13322,16500
18156,16750
14569,17732
18992,13400
13494,33000
19093,23552
13415,42989
15180,25000
14613,39999
18666,31198
13137,10500
12282,28975
18424,19998
17441,26191
19241,7930
12413,3000
17112,16999
12799,59900
12688,7190
17821,13988
12440,14499
17841,17699
12568,5595
17887,17998
19610,37495
15390,27995
15273,21998
18352,55890
14977,32995
13632,18990
17840,7298
15060,15500
13025,24500
18715,64400
16128,12490
14045,25990
15187,18999
14062,25200
14499,12298
12214,10500
14733,67109
18877,83995
16823,14400
13482,13495
17697,19500
13483,5975
12900,9500
12953,28500
14824,32500
14975,12650
12707,19723
12068,29999
18896,16990
17502,10200
16765,15995
14315,18700
17579,17500
16592,7985
18063,35995
17361,19990
15865,28490
18909,23950
17625,9990
13325,20999
12883,12751
14563,13495
17670,18299
14584,14698
17106,9398
17722,19480
19225,16500
12077,36450
16153,9950
17198,19995
12634,42999
18659,9891
12242,47995
15810,41499
19056,57991
16115,4990
14683,13200
19369,6580
19145,12995
14385,20491
18226,49950
19233,27700
15071,56000
17626,15499
15279,22099
15068,18545
15729,18490
14969,37495
13516,34269
13132,5990
19268,11176
14405,29998
17032,20699
14132,4290
15074,24500
13739,26500
16990,7985
17917,4775
14024,17150
14252,29950
13176,11390
17178,8773
15118,16000
13886,47480
19176,8690
14492,23980
15812,22995
12195,15490
19047,15750
16603,18500
14491,43500
15555,4990
15426,26990
12483,17995
15728,23998
12922,22950
13038,14998
12846,26998
12816,8690
15601,3895
14578,29995
16111,22250
19395,1695
18589,22670
17096,13798
17861,39263
19098,38500
13095,29730
18557,67990
19059,17480
12308,19999
13254,16000
13961,42450
18003,20950
13271,14995
16688,9995
13056,9690
19278,5399
19209,26995
14040,8199
19042,38950
17673,17495
12824,42900
12205,27989
15580,19498
16083,7627
12808,24500
12484,14980
19570,7000
13205,1995
19629,21333
18124,32000
19320,16999
19203,5490
14320,12990
17513,23500
18121,18999
16870,16000
18599,18498
18238,26950
18804,38500
17880,42999
12783,13798
15695,14990
17499,24990
18140,20200
17897,38500
12661,20750
12739,16199
15685,6990
16391,7790
17421,2999
15724,7340
16143,46000
13162,21750
18708,14086
13779,16500
18914,3995
15255,20000
18592,26990
19227,17979
14290,21950
16686,12991
12165,19995
16576,24622
12592,20000
16781,76990
15245,13800
13491,38990
15637,8690
13560,6999
18508,4500
14053,19995
13005,40532
17665,33991
16930,11995
14603,15393
12416,10895
12030,11498
14284,32990
17382,14840
19604,3495
12724,45990
13616,19500
13567,15000
13638,7777
17088,23999
14541,19303
12188,32489
16937,61795
18113,21469
14559,58900
18309,20390
13942,20499
15658,29350
17373,31680
13538,34490
19025,16990
16137,53995
12921,10399
14790,40990
12650,5990
17304,48750
18131,60849
17885,30000
17750,12999
18023,61990
15139,21498
18416,32950
15794,7495
16367,9795
18081,20890
18294,8999
17706,9480
18536,24310
16866,25990
13641,19300
16075,10000
14047,20995
12491,5500
18771,28990
12730,28980
14223,39990
15643,28995
17413,33995
18600,32000
12113,25498
12053,20248
17827,4490
16281,48482
13067,8495
16131,6450
17268,3950
15215,24000
18459,12699
12240,12240
13888,7999
16689,4995
12293,7495
17345,5495
16515,18990
13946,22998
14380,50388
12269,35495
13801,9999
16621,14990
12408,10800
16874,28990
13637,19289
17428,15995
15474,8000
17935,13999
12009,49991
12667,14000
19542,16990
14324,32000
17396,16130
13131,32990
17713,24895
19334,29999
13141,64999
18590,7599
17531,5995
17952,20431
19575,27498
16276,16850
16491,47990
18149,21495
13203,7970
16666,33900
18408,5295
14117,32980
13094,17400
18786,9491
16194,39995
14075,15700
19142,9998
15577,15299
19207,12950
19089,8495
13818,10998
15049,11000
17987,20000
14795,22000
18784,26990
18891,57995
14461,24989
18939,14995
15678,16995
19039,16499
19114,15985
18751,15299
14753,9490
15914,10800
18885,10495
17024,32149
14520,29998
19344,28950
17282,20353
14989,20000
14593,22490
12202,22500
14376,32990
14202,8199
14378,18950
18871,10500
18035,3750
13053,12200
18125,8940
19159,13991
18111,9995
17431,4199
18277,55450
19326,39792
12806,18950
15564,58988
19525,18499
18501,43999
16634,25498
13803,17495
18284,11240
19140,22750
12674,11000
12281,23950
15802,16291
13259,13798
15635,22000
17052,24395
12885,15498
14213,20891
19119,21485
15525,20499
12837,22000
16132,40990
17933,14990
17022,37999
18209,17490
17131,29000
12752,2095
16271,18700
15503,14799
15980,17980
12550,9995
13548,7298
16716,36999
15143,24998
13852,16930
13233,33990
12345,65990
14963,12998
15133,31498
16178,13995
16708,73890
13510,43991
15897,13200
18107,40495
17072,9795
15456,19995
12656,59995
12137,3950
17629,45450
15997,28000
13323,19990
14336,4800
16636,39985
12090,15800
18742,72430
12080,25450
12092,9301
17241,34890
16809,22990
19070,47000
19502,10995
13609,2491
14086,44500
14550,28999
13369,19290
12910,15995
19231,3850
18596,24250
13157,13700
17951,24998
16402,13995
12764,8100
12315,36995
13091,26394
18203,36900
14115,19298
14702,8995
16419,46500
13469,41970
18332,26995
16117,19495
16387,15498
14108,28995
12055,25780
16013,12947
12753,8993
13092,38000
17011,14500
15265,32500
12749,27490
15498,20500
15876,31990
18241,4990
12571,22788
19305,19998
19129,76990
13317,25000
16114,10080
13068,34221
14250,38985
13923,12495
14810,13957
16651,42888
13008,60995
17662,28500
16155,7495
12963,10695
17613,11998
19323,26587
13646,7700
16998,37900
13252,9495
18223,20950
15398,10490
19224,19875
19074,32950
18521,20870
15903,34995
16058,41000
13528,29995
12967,8800
12112,7999
13658,12500
18616,59949
19585,3990
15770,18765
13970,125000
17698,38861
13121,10595
17059,16495
12462,9295
18758,17519
16720,10199
13583,11495
14627,20550
16341,9470
16787,69890
12385,79989
14540,21998
15672,24990
18154,17991
12627,33682
12689,19000
15052,11995
14597,10857
14438,19995
17811,11499
18027,8290
12003,22500
12723,26950
13630,34980
16239,12495
13868,11990
19556,7790
16056,66990
14119,39700
18044,18980
18387,19990
19026,25491
18017,46000
16861,67990
17671,34800
13772,59995
13924,53000
16256,36895
19216,33500
17857,29267
15686,20000
12830,17995
12490,11995
14013,23480
18274,7699
15142,19431
15317,18495
15178,15739
18604,13995
18358,17750
17884,20400
17025,47488
13931,19290
14261,22445
12920,19499
19484,13599
13070,13990
19477,54399
13285,17102
13138,25999
14764,5495
16468,19689
16454,13495
17963,7449
18573,11495
14232,8000
19101,15999
18491,8198
17063,24450
16562,19400
13490,33699
14909,32493
16650,20440
13166,12600
14884,17495
16514,13500
13708,22490
18633,22995
12731,60998
16205,7950
17083,17298
17956,8995
12933,19995
16124,11995
18311,11490
18627,13998
12503,19298
15754,58332
17180,24000
13758,17990
13084,22495
18103,33500
18638,47980
17632,36441
18415,20295
17350,23700
18487,18550
13997,12295
14868,52000
18207,11498
18490,5791
14763,46990
17420,8999
13913,14495
18022,57526
17398,11690
13113,22498
15993,12000
17474,37591
12285,7250
19162,35495
16337,45000
19627,14999
13120,12350
17120,26102
14175,18850
14926,11995
12610,17650
15899,15490
18150,42275
15197,13985
12663,17375
15642,34000
17779,44699
19508,5495
12840,51991
14903,22000
18444,94990
18147,14995
18836,79900
14207,29995
15405,11998
13786,16989
14634,15990
18269,14033
16140,11094
14365,20498
17294,24904
16238,7990
13835,11998
12635,109990
14825,16000
16258,10500
16003,19390
13554,6440
19258,13794
16262,12360
15296,11699
19022,51862
12849,27399
18299,56290
13340,17495
16730,10500
14890,29300
15651,44090
13569,58999
16234,12970
17692,18495
18005,17995
13417,4490
17710,18499
15030,7250
19104,22991
15092,37999
18846,15499
17878,21000
17561,18245
14036,37000
17368,16998
12558,17650
12732,13552
18940,12000
15638,6950
14598,4990
16221,8500
12420,27950
18470,25599
15244,16999
19381,8295
16820,19990
15391,28086
14828,14999
19390,45699
14912,29994
18518,17799
16028,14000
14279,24699
19304,19776
16190,78490
12926,9498
17912,4599
13589,25499
13027,6599
14554,11750
16872,23195
19294,17995
17044,20990
19372,12498
14027,15990
19428,9995
19173,38995
16587,29997
13867,18690
15740,31995
18366,7695
13612,25000
14339,7190
15764,8498
13549,12000
14205,29980
13873,26995
15716,14990
17254,25900
14299,26290
18994,8099
19107,8277
14821,18495
19520,46990
18855,7950
17528,16990
15303,27990
16718,19950
15495,13498
17600,54995
18623,36999
19352,26990
19371,18995
13210,20950
16854,32895
19507,57991
15501,25498
19421,30990
15379,27100
14355,7695
19406,14995
14217,19995
17659,7750
16554,32000
12629,10000
16903,13795
16664,16990
14023,16798
16970,10329
19513,17499
18261,4998
15756,11080
13908,20498
18479,44631
16278,34995
14537,2995
13836,39995
16913,11500
18686,15990
15706,18780
12350,17750
17278,44935
12714,42888
18139,48200
14820,30699
17152,14995
14270,10000
18787,8480
17408,18860
14030,13695
16715,23990
18266,24999
15741,14250
17071,47990
12977,12660
15043,26886
19193,17498
15585,11499
15485,48950
13452,34499
15107,35488
18757,33000
15839,10444
16282,17998
19564,17399
13182,26990
17259,19975
14771,11800
15484,95099
19474,17499
18344,8490
15696,19940
14768,19750
18260,9950
19438,15999
18643,16994
15045,34490
13671,15285
12423,23690
15418,18999
15896,38980
19178,7760
17539,33450
13276,17980
14152,15500
12525,14995
18962,8090
15749,9998
13860,4250
14607,11695
13904,37980
18528,7999
18032,13199
13204,10498
14256,46952
19325,25990
14238,18990
15125,44995
17975,19395
17904,20691
17378,32495
14457,6500
13341,44995
17439,27499
19166,16950
16050,19980
15377,14995
16904,54899
12351,27400
15492,7250
19064,11991
13542,21990
13365,25000
16401,25500
13100,31041
14721,39995
18042,46495
18251,72000
17999,20990
18218,20498
18986,19691
19194,6000
13149,45000
12243,7999
19461,77880
15349,19290
16816,17000
13574,8406
17584,53000
15905,12995
12942,35750
17433,8995
16995,22500
12765,16950
13679,12999
16532,7280
18828,26430
16469,33998
15524,25491
19078,19498
12086,41980
12781,19799
18227,14871
15044,24995
16985,33500
15260,25999
14891,9700
16845,5420
15533,17490
14157,72000
16123,18980
16609,45395
14707,32449
18036,7995
18830,8470
19158,19997
14162,21995
12050,12990
14594,10499
17493,13993
13550,27990
18469,19998
14236,19980
18112,12800
15849,79950
17715,69995
16015,12495
19051,33979
15051,5500
19014,15990
17846,31498
17725,59990
14842,12500
16581,14000
18753,28995
17277,31490
15408,31350
13766,43499
18018,19000
16600,15300
14755,12791
15669,16895
12494,38949
16096,9691
16577,14995
18853,18992
14021,32000
17494,33495
17201,47599
18104,26880
16784,28690
14109,16957
18656,9440
13202,14499
14910,20391
15666,15000
13219,26990
15373,7240
18505,22490
12701,12500
15252,46999
14403,19990
15397,51995
17248,11925
14901,33993
16695,13498
12227,35980
13728,4500
15773,26995
13839,22498
15965,15199
12383,48940
15382,12490
12067,8490
17869,25000
17283,27000
14738,17995
16710,1990
17070,13495
14759,36990
15712,8990
15239,17490
13615,23950
19050,6650
12344,48000
15528,64999
18816,36980
12868,12000
12387,10995
15128,43890
17866,17495
14840,18749
17381,32134
19407,19000
16812,9991
13395,14900
13780,55995
19274,19480
19442,21500
19230,47898
15469,8990
12374,5690
16800,22450
18318,16500
16945,15998
19271,57899
17155,10000
13963,37995
18724,9995
18465,18000
14994,8998
12025,45699
18901,29980
18966,62995
18895,41730
15152,19998
12319,23990
17225,50995
13346,30449
18055,38949
17464,14900
14609,8990
18386,14298
14364,12230
17507,20866
16548,49488
16822,37700
14049,17995
17232,8599
15540,22991
19621,8798
15359,19710
17003,10907
14379,12931
16355,8991
13732,45500
16025,8298
16079,26499
16758,20999
14878,11795
18745,99950
16876,11100
18567,20695
16195,63888
12124,27999
18949,42890
16723,25990
15419,18000
19624,16400
15780,8991
16766,9000
15207,26990
13439,41980
16261,16450
14158,40995
14310,36995
19200,35998
18857,9000
13586,36399
12658,7999
15610,8700
13938,16000
19324,31950
12352,35695
15628,44490
17102,36000
16890,72990
13883,16998
18817,58000
18544,33992
14185,22499
15381,3334
13960,5990
16712,31995
17405,6498
14297,19313
18077,24913
17807,9390
18558,18789
14931,66990
15234,17999
12396,56499
13777,41990
13599,14950
17233,33980
12223,20627
15394,10499
15011,37000
14051,1995
15209,12999
15532,7890
19044,51990
16102,16991
14308,9960
13484,18700
12458,35990
12968,21900
18776,21400
18770,45475
15283,18499
13539,11495
12782,55292
17196,22990
13373,29450
17236,16498
17209,53980
13500,36995
14611,49980
14904,13290
17224,49999
17928,44985
13703,18999
19149,17790
12370,38850
13863,31995
15482,12750
16309,14990
14011,4591
15911,52999
18662,10999
19068,17995
17470,20998
12478,35480
17602,28456
19577,19990
13358,28990
14684,15990
19045,42500
17148,36490
14957,36000
19076,7776
14974,5495
16010,4995
14731,5498
15885,18498
13602,61700
17309,14995
15787,18000
13727,9975
19182,23998
16332,23750
18216,20495
12826,46990
16520,67000
18123,14990
18043,10993
15760,14400
17777,42351
19085,6625
15979,7498
19206,37300
12367,21810
12778,26690
17850,62850
13230,17120
15202,19799
17686,13999
15655,23499
19437,52950
17703,9298
19055,19499
15206,31322
17080,3999
14712,44990
19289,17999
12477,22998
13277,40000
15806,18500
15226,32895
15744,25990
16266,6016
17176,14480
13674,18500
16709,18000
14344,21498
15942,19500
15684,14995
18298,38500
16629,58450
14639,19950
14653,9545
12904,18495
14788,13486
13596,12900
17792,102502
16691,41990
19388,24485
13840,10488
15832,43286
13687,7290
19023,10391
12670,35371
13362,14999
18642,37950
16642,32472
14134,28490
14833,48782
16483,8450
15368,15290
19488,16800
17508,35898
16687,14499
14436,8690
13832,25991
19565,11690
14637,19499
16104,15000
14196,33000
18184,29999
19436,45990
16734,36499
18041,57991
12456,34250
16105,5995
14469,8990
16393,31990
16461,13840
12766,44980
14193,16890
13374,19495
12681,20890
13644,11999
14805,7480
17498,50980
16881,47950
14208,44995
17008,7000
14139,8699
18007,18000
12582,9940
17596,11440
12597,9351
12909,13661
16121,19999
13975,8200
13855,9670
15427,8790
14349,17000
18368,13495
14237,26795
14445,19998
16338,42992
13260,19998
18235,19500
18754,8995
16727,6850
15222,29990
14687,22450
13907,10298
15066,17499
14509,7295
14470,7485
17145,5990
16379,39498
14195,12200
14214,19995
19454,10950
16231,6295
13735,42990
16984,6995
16512,23751
16506,32785
18750,33000
18646,42000
13476,35995
15774,19000
14446,19000
17483,38156
16892,25350
18670,11698
16107,18980
17203,17998
19591,5698
17954,23990
13124,15995
13718,6498
16213,12500
14319,38000
15679,18579
16236,6949
15923,45842
12217,20999
19148,10465
15640,10200
19409,47541
12649,8700
13866,87478
12684,47980
17879,18490
15966,25999
18691,7995
19122,16299
14103,30500
17948,15495
19543,22698
18185,22995
13190,19499
15235,6000
19628,9545
17664,13995
12505,7627
18180,1295
17592,19498
18847,29240
18038,6040
18039,55980
12063,17995
12671,19995
13824,27545
12305,11950
17365,60990
12669,46950
18737,17339
17985,58450
15736,24491
14614,7990
12633,15999
19016,10350
17331,61995
17983,7345
12585,8450
14905,26798
17735,10790
17107,12490
17545,14290
19350,8750
12608,44410
16300,16980
16017,13499
14067,13992
17639,9466
18178,14250
13145,38995
17393,27498
18292,48950
16458,5490
16843,23995
15576,58000
14163,15949
12930,16995
17876,9795
12584,64690
15909,3888
14203,17999
14944,8495
19028,17480
14859,23998
15001,25790
14599,4670
14696,74480
13076,39995
18971,29990
18890,24945
16346,12890
15653,30950
16764,21749
16224,43490
19183,11298
16118,44950
17732,28590
17515,6495
13007,21725
12536,41995
18722,8490
17681,7900
18132,13995
14556,16995
17621,13495
14123,15991
14101,5995
14692,3495
17078,15999
19380,20999
16793,28000
14475,8498
13988,2490
12357,10999
15341,7475
13600,18020
17570,24575
15998,7299
16267,55499
16265,13999
18887,16199
13859,38750
13753,21965
14873,10999
13052,2995
15621,19400
15594,4195
13044,12999
15253,6991
15630,13500
12014,67480
13752,50000
16980,41995
18655,34995
17709,18991
16991,13798
19375,15999
16390,13491
18653,37500
17560,39496
12330,52990
15276,18995
13465,20999
12062,15690
14743,18991
15361,33999
12706,19995
17486,47994
15278,13195
13537,45394
18922,31999
12801,17495
16403,14499
17536,44980
15428,25990
17045,19295
19349,45999
15600,52995
19467,7899
15448,36490
16035,14992
17051,23490
16564,34995
19161,78000
14228,32950
15324,26990
17047,27790
19391,20999
15335,16750
13022,20990
14160,27800
16993,4340
15545,14454
14775,12400
18021,27000
17707,36890
15938,7440
17317,45980
12581,17500
16759,15749
19262,16957
18837,45488
12221,8250
14004,13999
14710,42000
15904,23001
12786,26950
16927,16920
13681,8995
18668,12995
16162,15480
15871,21998
12213,8998
16830,1500
19198,26682
12916,4990
14144,19797
19002,11499
18172,19970
17526,31000
15362,14999
19426,19995
12541,20450
15007,33990
15622,27998
13952,5995
13332,29995
17534,9291
19609,43995
13164,26500
14557,9700
13973,39500
14093,8995
12722,26990
14822,30927
16608,16390
13101,4591
14546,48500
12189,68000
18136,36000
13933,17299
16635,20499
13378,60399
12612,48022
18911,62898
17191,11298
14386,9397
18474,50000
14428,6890
15769,57000
16254,17250
18326,12450
14281,32499
15269,10998
16033,8999
17546,5850
16192,36995
18024,35980
13769,15990
14095,8791
17755,19979
13683,10410
14316,15298
13033,16495
17961,21500
13734,40950
15029,3595
14294,10965
14698,16895
17010,13798
13701,16000
15138,13699
14028,32450
18526,24748
15960,31250
14358,32850
14372,25750
12026,18900
17860,10695
15310,37400
16952,5490
13749,32391
18577,48251
15767,17990
13088,20500
19596,34980
14668,22995
12037,18999
14892,16599
13773,73990
17324,30998
14816,33490
16040,29290
15502,10495
14852,15441
13802,19990
15674,9980
15801,51990
13669,12200
18428,20172
19614,29999
16910,13991
14068,23450
16085,33998
17858,26490
18819,30990
12031,50640
17535,12995
15466,24995
17197,6995
16423,36000
18908,9995
18092,15990
15497,12999
18137,69146
15563,10850
19276,34000
12246,7327
12660,4490
18151,7498
17399,15499
13303,19500
18735,18495
12509,25975
12032,16790
18694,10795
15218,29490
13710,20991
12471,43950
17868,21750
14897,54990
17587,22995
14114,6995
16495,29865
15120,20412
19102,16500
17390,4399
14632,17499
16836,9891
12481,15995
18272,18990
16476,21000
17371,32450
16098,55995
18489,34700
13962,22692
13208,36440
15535,21898
14341,11199
16957,4495
15063,7840
15727,27995
15299,45990
19240,27798
14625,8790
19164,11400
15249,12500
15546,27950
16068,33000
17727,56000
15081,7999
19479,24000
19269,82099
12117,10499
15311,18498
13964,11495
18672,27499
17258,17500
15866,42000
14422,34500
13382,36990
16509,9000
15976,13000
14216,17800
14127,12200
17994,29980
12206,15999
15412,27990
19259,19498
15862,21197
12035,27999
15878,15899
12267,3495
12903,31995
13032,18990
13253,37970
15957,25991
18244,11470
16187,19950
12737,15794
16398,11495
12565,20000
12803,21000
15438,51990
19310,5750
13696,24990
18324,25695
17768,9998
15364,31990
12512,15485
12636,9998
19340,25480
19541,8990
18706,8998
17749,6995
12486,14298
17407,6200
18439,18290
17728,28991
12847,29888
13815,29889
17939,12999
14338,16770
15778,31000
14713,17591
18991,14000
14443,10460
17875,19970
13388,24750
12941,17495
17202,8499
15999,30990
13497,15980
17744,38990
14164,31450
14022,24999
15817,33542
12479,35985
19566,18290
15570,14750
13579,30000
12943,7799
14823,4745
16499,49490
16148,68522
12899,18295
12288,31026
17446,18295
12756,12995
17559,46998
15251,8750
13512,24999
18886,7484
18515,8495
18635,17699
12148,8650
13198,29998
16445,23995
13894,1395
17347,26000
14898,119995
16911,39995
19108,15316
13635,22480
16770,35995
18249,20500
14112,17100
18245,8000
15119,15400
16857,19749
16590,15000
12908,22000
14610,54945
15949,15995
18028,49980
15828,59990
16988,34442
15267,19495
18353,17495
15181,20480
16492,17995
14725,15200
18593,18498
19279,15950
15136,9289
13010,8850
18612,13995
16411,23495
17651,20388
16594,22503
19067,21550
12406,9000
12074,26499
17848,16995
17085,29995
16544,22450
14839,10979
18071,8300
17553,9495
17466,6850
17062,26995
12976,16999
17244,22500
15804,7998
16219,4499
13667,16299
17537,135000
17357,71000
18418,18990
17802,50995
16897,45480
14785,12799
16275,27950
18189,19895
14956,14495
13699,14991
12787,23495
18957,55990
15556,10999
12400,18250
16304,11575
12975,14736
17608,8780
15141,29750
13270,11998
18012,2299
17906,6895
17307,11160
18054,16994
19256,25995
16971,21836
18683,35000
12079,12750
14980,29000
14935,6750
19526,14991
15088,20998
16657,6999
15351,10247
16849,3999
16844,17495
12514,9139
18785,17733
15153,7850
16624,37991
17829,16790
13939,12498
15018,16499
18253,39498
14736,24995
15294,24989
18766,16799
17851,22760
15174,3691
12871,10695
12353,19990
15823,16390
14334,9990
12886,49995
13515,5500
18813,19990
12890,19000
16000,26980
17436,57800
14487,23595
17918,14499
18134,10250
18696,44980
13099,19499
14197,13995
14675,55489
16359,31000
12492,1999
12316,16999
16519,17999
12340,9445
13555,10610
16059,27766
17323,20495
16366,29890
16421,81900
19531,28000
19457,16917
16177,74988
17635,11000
15508,41990
14145,7880
19270,11120
18841,44950
12743,20750
15048,9999
13435,19699
16767,19995
17117,5990
14337,17720
18967,43995
19495,19840
14408,21488
14325,52950
13912,19500
15262,19900
15737,28495
15023,27999
17631,12195
18987,52495
15384,33790
12363,22995
15058,30795
17020,4750
12770,23750
18615,11300
16617,32450
19052,28980
14149,19990
14680,35000
12209,17169
12147,33000
15859,67940
14235,18995
17699,27499
15237,34500
13102,15100
18258,10298
18584,14990
17946,23000
19212,8990
12190,9498
15530,28496
13348,20999
13344,16498
16119,54995
16340,16270
16317,17998
13808,26995
18520,13995
14615,8998
13434,57000
16191,11493
13440,8495
16417,10268
18030,51995
17566,16000
15291,2650
12023,10990
19192,11490
17603,23499
15424,19916
19547,10900
16223,5995
14616,112990
14888,33695
16996,3295
16074,16995
15010,26995
12729,10999
18598,18944
13385,13762
15784,31990
12676,28950
14992,24750
12534,17000
15854,19998
14016,11900
17672,8995
17262,21995
18360,11450
16321,8390
16257,21689
19057,21999
12595,79995
17141,20990
17723,51000
13764,69995
12529,10995
17634,64950
18647,13998
12389,13799
12523,1495
19548,14995
14933,1200
16335,11388
13209,20500
19524,10249
16922,21500
14789,15990
12720,44444
19275,12550
14003,32671
16602,47490
16921,29989
15312,21550
15494,9985
19432,21250
17892,19500
19573,19998
14300,16990
13653,124999
19394,34999
18417,22000
17311,16250
12851,6450
18888,17495
12539,44995
15690,41000
14366,20495
15565,29750
15336,2799
18717,19998
16322,4490
18903,2495
12520,26498
12937,14480
12111,8337
13266,18107
15383,32490
18765,15273
16877,16491
14962,23780
16808,26000
15460,20950
12382,8995
15449,23491
12923,17699
18144,6999
17902,32995
17532,18900
14796,20495
19514,28590
17510,95950
16218,48898
19099,12500
12531,12298
12123,19950
16031,19998
14677,10500
12390,40999
19439,15590
16360,21498
15898,6799
19223,19950
16692,27495
16928,17498
15667,8540
19307,18490
17192,25000
17173,10750
12109,59000
12500,6799
13135,15795
18153,20991
19518,11695
17338,20498
16180,25440
13697,14590
13006,28950
19219,9995
19459,19500
13293,41750
13522,30850
13320,4550
18795,21698
19552,8270
16159,22950
14407,13998
15970,11000
17321,15995
18329,29490
15199,8750
13518,28495
12343,10500
13085,12750
13199,5000
19238,8250
13805,59995
15818,51990
15161,21798
12488,11421
18169,20991
14292,31500
15025,51995
16422,133900
17281,12495
14034,5895
16222,53699
14875,26995
18173,46710
12327,11699
17597,21995
17124,2890
15302,3918
18610,30998
15211,19979
19517,49481
15951,7499
13519,27995
12104,11498
17797,40365
15777,36498
12884,45394
17487,53990
16110,41366
16141,9689
16316,55890
16938,14928
17221,22791
14835,7800
14960,3995
17582,20095
19147,38250
18391,14791
13853,19990
12476,18998
12463,8872
18278,19998
18958,25990
17942,19490
17414,12000
18231,6699
19581,9290
15318,17990
19105,8250
12094,14200
15522,12490
16907,25999
13130,38750
12018,12498
18963,35950
12038,49998
15198,26995
12169,8995
16012,84898
18921,17600
16244,2995
17458,14750
18048,16499
13225,49950
12225,23500
14676,14500
17516,37572
19478,2395
19088,28000
16947,15838
14479,22802
17549,37891
18196,28450
13282,11341
15693,16990
15422,48995
17660,54950
17721,4500
16569,8217
14096,12400
18858,3395
19123,63000
19196,21750
19172,5950
15745,30498
14012,70000
13705,24998
13108,42485
17930,31750
13905,27991
17997,17998
14636,14750
14647,27990
12931,22450
12339,48940
15825,26995
13940,16000
17689,67120
13453,6998
15523,14681
16963,14000
14303,20490
15091,3399
17185,27490
13236,41850
16954,37950
14046,66540
17495,4950
13163,15995
16707,7998
13165,13995
14064,14498
18080,3995
14458,35490
14159,5695
12310,5997
18484,82930
18507,33500
15480,12498
15439,27197
17440,7499
13118,35990
16144,21444
18051,11290
16036,30000
12745,30998
12399,27240
14496,21290
17212,35000
13183,56990
13992,24995
17940,11410
19476,35699
15884,29875
14359,24995
18728,13495
18097,9795
15151,22498
15962,12295
19449,7995
12439,24945
16269,39990
13629,10499
15078,18495
19299,39589
13796,7250
12559,47992
16917,7357
12889,29990
19138,9899
12007,58700
16323,31991
15681,13500
19578,18390
18033,22299
18988,21000
15350,49990
17005,9295
19498,7995
12306,22995
13350,19998
15633,28950
17714,56995
15781,34990
16814,18498
15441,6275
12115,16490
18869,39990
17389,27371
15193,32489
15726,54995
15592,37990
16832,117990
16792,63980
17160,38776
17358,18699
15584,14400
17896,35995
16839,17695
18555,8700
18535,13999
17379,8921
17576,6990
13591,18499
14302,18980
13028,22499
18204,10830
17291,34950
13985,14598
12075,17900
15184,7830
19590,11695
15593,23995
12652,21950
17794,31998
15270,42495
17612,15799
12403,13798
14317,4500
19313,31600
17982,19279
14745,20999
13090,22490
12827,6999
17332,5990
12495,17799
18944,40775
18814,5500
13263,40092
17073,62990
15493,42500
13976,31150
19443,8990
15258,33990
16671,4995
14455,37950
12865,44889
14732,25998
15971,45940
12170,9099
14398,9495
18331,13499
17973,12495
17753,13999
12823,20994
17644,49589
15562,19699
17356,12495
19346,15899
12698,18495
15551,38995
12678,49996
12114,14490
13423,25926
12991,9495
18288,37902
14077,33990
13062,55990
15746,11695
15386,8500
16526,20000
14921,10998
15307,34500
12093,12217
14879,25850
14143,13998
14976,2495
15940,11995
16665,14995
12792,54990
17701,8298
18475,24990
17471,29995
17568,11950
13458,25239
17971,3695
14846,63099
18984,64900
12785,9500
16308,30698
19137,16495
17211,44444
19222,21000
18541,10873
12747,24500
18458,29772
15867,19500
12426,16999
14083,20572
18262,17069
12891,17980
16972,44999
16896,7435
12105,22995
18945,16299
13498,14499
19363,24990
19580,41750
14533,21245
13593,46949
18960,6495
18247,8691
17354,56995
17778,50888
13618,18970
17235,20000
18860,9998
14651,26995
12174,23700
12957,22500
18902,19995
16698,16995
17573,44599
14844,18450
18764,36999
18883,35950
17030,21990
12371,18485
17103,14295
14459,8795
13345,21800
18356,15995
13283,13999
14965,24995
17826,59990
17598,19072
14073,14321
14433,36494
17316,8498
17424,47980
14837,15850
15009,14950
13330,29869
16184,5800
14166,13895
17151,21494
13556,3999
13754,9000
17976,24995
15739,33037
15015,21995
18606,29995
16846,10830
16785,44000
18394,11999
15266,8749
14896,10240
13590,23000
16966,27998
15403,16000
17936,6084
16661,25744
16436,20000
12204,9999
12727,27699
17355,15499
18500,44950
15660,13892
14604,23995
12128,17498
14809,12495
18614,29000
12157,10000
16071,17990
12044,23995
13281,13500
14942,24885
14168,41349
16517,10998
19254,17000
16560,16998
16859,38899
12085,45599
13980,19995
12793,24999
16189,14440
12218,42999
18343,22745
13083,26950
17289,8499
17239,8290
15761,33400
13324,12450
14535,23950
18301,17890
19281,65520
13770,4495
14649,45888
15572,35490
18581,19995
14413,16990
16024,9130
13353,17495
16694,57000
19083,16300
12497,5995
17397,49995
17862,27590
14877,23499
16561,16950
15720,8895
18537,31441
19113,17490
15650,8800
12015,14450
13720,23995
13778,19000
14747,27950
16444,62995
18202,39998
18182,19000
13456,18250
18339,14895
19433,4689
19250,22990
12614,10490
12915,35480
12230,51950
14880,8995
13585,42510
18448,11500
12742,9698
16867,20449
16534,21500
13284,27550
14532,55495
18177,15400
17567,41904
15385,17220
15864,6998
18006,35499
16365,19298
14396,22995
18826,46931
15652,45000
15954,29995
13811,36795
15396,43990
13086,5995
16811,31990
12623,21499
16567,16995
15636,16726
14118,135771
17481,11999
12951,27999
18130,12995
14010,13199
13650,24995
14141,39995
18116,21450
12212,14950
15019,15998
15201,65000
16523,28999
16106,7495
15926,21182
14035,18985
13983,33500
14322,35352
19384,20498
17249,13482
14121,26491
12784,18998
13546,13495
17366,37500
17150,30995
16748,24498
14090,24495
16410,63000
18768,23000
12659,57991
17370,32950
15020,46788
15167,20995
17609,23990
15697,20995
12513,23489
15216,15498
14856,11491
16494,16620
18948,21990
19424,14995
14853,16990
16656,17960
15559,19498
19298,48490
13709,19750
12735,17399
12472,9000
15096,8790
18790,10498
14295,11160
17006,16699
15616,7250
19592,16699
15274,21995
15195,9995
18015,16495
12690,16490
18566,9998
17205,52990
14419,23995
16305,22027
18230,13998
13125,5995
19511,4490
16481,15999
13954,42110
14657,22998
18482,30572
12971,15498
14808,19500
12229,25991
15646,9999
17328,16280
18441,32000
16663,53581
17944,12298
19385,20980
15236,5995
13471,39410
16825,37995
13206,6500
16545,21990
17806,48899
17575,18295
16378,66750
17891,6995
18328,16990
19121,16470
15662,6995
14070,17990
14254,27990
18073,60970
16430,13690
17669,13798
13614,9498
14937,21999
17519,29990
13580,4499
19538,20886
15715,72798
18419,42202
18502,10350
17898,6000
18807,55500
14434,5498
17712,20490
13059,18999
18997,22499
12290,7995
17275,13998
14417,18490
14832,8690
13425,12970
17247,26360
18707,32495
14241,10494
12336,14699
13272,10110
16905,24499
19400,11298
12337,6795
16133,17445
12149,11199
17445,20498
12065,13250
15517,18495
14863,24500
14347,18000
16211,12000
13441,9395
15041,16491
12428,9694
15582,36995
15101,15980
16415,18991
17168,7999
13862,14980
17949,23995
14482,16998
14167,10995
12303,22785
18677,30000
14941,11500
18320,22500
13565,22000
17581,11995
13806,48989
13880,4450
15974,6995
13893,11998
19419,20495
17656,12250
15857,77995
12139,6349
15281,48890
13950,7490
13757,53000
15844,19850
16960,35480
19127,45890
18961,15290
14920,9950
13151,17998
16778,8000
14464,7750
18808,21643
13242,29480
16817,19999
16941,18980
16835,10100
13169,7991
15308,27989
12470,57000
13782,10480
13489,8750
17250,1300
12348,39000
15371,12995
18729,1995
17529,56990
17525,9499
18977,48998
18774,55995
17543,16490
16450,8600
18237,19795
18128,51990
18117,37490
17675,22498
19425,17298
13592,20980
13093,51980
17144,11995
12819,8199
16529,26500
12530,20899
15256,11400
17013,39990
15059,13498
14018,33250
18530,33999
17404,19940
17837,7270
15515,19690
13048,11497
18433,23400
12854,28991
19144,22500
19600,11799
16878,24880
18848,19419
19296,28495
13517,20995
14414,10000
14930,9298
16095,9998
12944,50990
18371,13298
16466,21995
15457,13495
16055,11300
19415,13495
15847,15495
13223,9995
13297,19795
17649,11495
14709,5750
16801,10990
18143,38150
15070,61898
14242,9798
15451,15380
13171,20995
19523,29995
14529,2395
12411,13500
12134,39999
12517,9650
14165,19334
18296,47990
15366,18425
13501,55000
14770,18500
16076,19998
17981,17990
12795,6891
15961,19995
19534,17950
15698,145000
15343,33799
16837,7999
12928,7891
18160,22995
12579,40980
15680,13750
16639,35990
15417,11498
12059,16991
16438,13700
15571,20790
15894,4291
12356,58990
15035,30998
15282,19995
14381,31994
17207,14999
18287,15995
13274,8990
16139,9495
12002,18991
14612,5000
19185,19250
18574,4990
13019,15275
19593,15990
18618,5999
15542,18490
15688,30737
15851,40322
16796,15499
12070,29500
12555,11440
12927,12299
14082,76980
19247,25225
19282,26495
14373,27498
17075,18995
12255,22684
13066,27491
13536,49879
18283,15400
18617,33898
17693,7189
13370,11400
16439,33900
18084,125000
19020,15495
17524,29990
13531,8134
18148,8000
15221,4399
16503,22750
18141,22200
13339,24995
13636,13498
12697,30490
12775,52900
16510,20000
17416,45490
18731,6450
12039,8854
18348,42990
13286,20998
15927,20980
14865,34999
19312,6750
18059,28998
12107,19490
14993,15290
17134,6936
18842,31735
14260,31490
13918,36495
17238,59450
16933,18490
14055,450
13986,12899
17886,15499
14454,51490
13642,21437
17990,20800
19090,8399
12642,17999
15751,10750
18978,18490
12438,13800
16220,19945
13851,9500
12533,8000
15130,24995
15558,19699
18697,20500
12876,25999
14187,9750
18983,32995
16426,36498
12008,22995
18302,6245
12990,17995
17831,17999
14002,22795
12802,41000
15248,10155
17126,43995
17334,16495
17702,2995
14128,40999
18146,35995
16293,27990
13493,18000
12156,33949
18576,17770
18726,49496
18644,17988
18312,17999
17605,8499
17991,26475
16078,22295
13625,11100
12948,5990
19485,14450
18467,10492
18397,29000
16363,19498
17095,19412
16061,44950
17523,18691
15323,28242
18119,11290
17805,76469
16377,77880
14656,15750
16069,16991
16425,41990
15028,23380
13726,29795
16976,19495
15505,9440
15326,39995
18595,22990
16645,12995
17154,9980
16287,17950
18236,51950
16452,37000
18449,12650
19134,8731
14929,27995
15194,12498
12154,27990
13343,52291
15569,17990
15084,20495
13290,9990
13527,1995
16277,13990
12222,28900
13989,15991
19452,17450
13039,10499
15378,12495
13180,7995
19255,49999
16522,9995
13035,15998
18395,20795
14384,8250
15332,11295
15230,18710
13407,21996
18504,11975
16622,35850
14932,88980
18522,12799
16433,6995
18215,14182
12263,14300
15598,34526
15549,33450
16240,15190
16091,5485
14757,27491
16779,10981
12776,15650
17193,20995
18162,18990
18053,57990
17325,9299
19576,12000
18747,14499
16109,37493
19331,8050
12691,42980
14800,42999
13588,39599
16757,14999
12435,14377
18867,2250
15173,35950
19528,9195
18481,16325
12596,11795
12757,14998
18513,19499
18622,24990
18197,17489
17610,5290
19445,25488
12570,14800
19625,17495
14813,6980
18561,32998
14212,9192
12709,33650
13235,47480
17171,18990
15968,38995
18252,13498
16521,42849
13457,10450
17853,19998
19201,10191
17490,19429
15541,15995
14087,14634
17127,8470
16833,22999
18212,27000
12178,8495
12171,47950
14528,8461
12600,10995
15518,33791
14222,30950
16151,15990
14624,12999
19532,19300
19329,28990
16863,17298
17506,10950
15064,33980
16641,31750
12446,8498
18509,14940
19084,6999
15578,44990
13347,8995
12949,26998
15591,17791
17115,38459
12033,19800
18340,23995
12418,67990
18494,34129
15057,5497
17454,20991
17351,20995
12695,10190
17352,6998
16065,23999
16573,39900
19403,34147
16349,25995
16505,13000
15129,23750
15123,10982
16477,65000
13561,12500
13717,18990
17449,28990
18811,9690
12313,26976
12526,12795
17186,56950
13762,14000
13676,17481
14057,22500
15337,8471
16383,32500
15883,10250
19469,49995
18001,18980
13694,39881
17719,19998
17617,33990
12475,3995
16008,5890
13693,18495
13611,7498
12127,17994
16501,8752
15219,10490
19567,19990
17298,5200
15103,10798
18098,46995
14876,14400
17423,14255
15100,29995
18052,20600
15886,39500
16170,7500
17021,18500
15861,9590
13936,18999
14526,26000
13884,30491
14706,10499
16582,34990
19189,27490
18810,93950
16407,17495
17641,7991
15722,34000
14293,54990
19382,7795
16613,9495
14934,45950
14954,13998
15491,15850
13744,4738
19550,8199
16352,10999
12072,39999
16803,17000
13747,40980
19561,27999
16670,19995
14467,10043
19037,23888
13421,17000
18663,45990
17456,46995
18110,13750
19361,14966
16669,29994
18602,8298
18191,11991
15574,5595
15478,23500
17945,16995
18651,10130
14586,54991
14124,17315
16977,15490
14928,34948
17505,21995
18062,20891
14352,41495
14275,14499
16154,18450
16480,14495
18929,44995
14485,21700
18367,62980
16542,8927
17867,35650
13331,9820
17914,55995
15908,7660
14059,9350
15369,38250
12252,20495
14116,28995
18026,26500
18714,14457
12347,11995
18096,22975
17924,14491
14092,22421
12280,7820
13354,6995
15958,6490
14665,12500
15429,9692
15789,18795
13932,11998
15983,9995
17927,32983
12323,7240
13783,10999
17911,21990
19530,19000
18168,20998
15475,25243
16860,35400
14478,30999
16331,19360
19086,12490
17206,36990
14357,11899
12544,15970
14350,5000
19342,33495
18730,9999
16633,19250
16486,24060
16697,3699
15800,23490
14190,41990
14882,20630
17475,23495
12443,7996
15399,15990
13142,15995
13224,22950
19434,11699
18791,22998
14056,21295
18221,39897
16780,22999
15313,14995
15053,9795
19451,18295
15931,9000
15476,17495
13333,7980
18905,51990
14777,35989
12380,37995
17132,22995
15842,17498
15799,46999
15126,58099
18233,7695
18982,18999
16782,17999
16291,17500
18263,56990
17611,48800
16949,20645
12894,14000
14741,33000
13688,30990
12226,15499
16524,15995
13427,9999
18919,19498
12016,22910
17793,41994
14345,23990
12239,12816
13722,33995
18093,15800
17552,26000
18789,2395
13765,14799
13677,26400
12740,38250
13011,7991
18880,20499
19619,7485
19236,9200
12459,19383
14723,29371
14054,3695
17101,41495
17958,19900
15809,8990
12972,59950
18692,17199
12334,64995
16038,10207
17114,8950
18654,19998
14277,32250
14946,3490
18369,57991
18719,36990
16944,15495
16705,15995
16251,27000
19124,20950
13448,26991
14498,16499
19417,34000
14274,14950
16082,42489
14802,13795
18183,14298
16619,10799
13278,56995
13633,14750
12216,5000
15888,29990
12496,71991
13077,9399
15879,16995
18640,52995
14716,31488
17066,16000
18976,12690
16583,20292
18973,13990
16048,46950
14543,25240
18319,15895
12561,45394
16090,25750
13301,27060
18527,9495
13817,11498
14330,11498
14465,19999
14699,19523
13623,18995
13389,41750
14153,6420
13308,48502
18607,12975
18295,14995
17881,15999
18767,17990
16168,38800
13143,12998
16135,21480
14545,4290
18413,44950
19569,32995
14560,13798
19156,28998
13495,17353
12721,38495
16209,36490
12515,17995
14570,6498
19286,55298
17425,30999
13968,11498
12888,38580
12145,15795
18875,27995
15257,31998
12815,31899
13663,14800
12397,14691
18091,9999
15316,59989
13397,33990
13741,8990
17415,29000
12620,42995
14170,14995
17455,25950
16732,26498
17385,10300
14817,7495
12917,33000
18224,38990
19623,9000
17761,17998
16679,19989
18879,19450
13179,7200
16840,22000
18874,36990
17182,25495
15210,13690
18497,28900
18398,7000
19261,17991
17179,14995
12172,22449
16763,20995
12744,29000
16965,23698
17387,33000
18157,15000
12880,11490
18538,19000
17690,37975
16975,5995
16241,56890
17932,38380
14510,22495
12839,53999
18979,17819
19483,14759
12945,7995
15689,14888
13014,47895
15775,19995
18881,19300
13360,10990
18736,37094
12152,18650
18443,35109
14495,66290
12294,29498
12738,9295
13403,8799
14981,16899
15617,19998
13673,27990
17817,26690
15450,41995
18486,46995
13543,4750
16212,72950
17789,16490
12761,23990
13251,9990
17905,7194
13464,23000
14388,8699
16788,23995
17900,17995
16826,12995
19571,54999
15301,16000
15012,36750
13487,8990
19139,49980
18792,9250
16753,17495
17889,4599
13956,38782
19612,8600
19004,52495
13312,15498
15250,8498
17159,43480
12980,24998
14206,19199
14129,30969
12911,25500
18422,16475
17113,15850
15224,10690
13607,28990
16022,14900
16584,16771
15855,13647
12569,27499
14088,27000
15955,28490
14137,37500
15477,44450
16711,15200
19208,17970
17544,5495
15944,5480
12146,3295
17037,34000
16737,22995
16574,14990
12984,15999
19492,69995
17419,12995
13745,27998
15552,10499
14895,16170
15288,16500
14268,14062
14939,67899
19174,19998
19462,11995
15920,18400
13381,16985
16163,11325
17163,11700
16683,15299
12057,11500
15171,14500
18477,35950
13523,14499
14374,8460
17838,10109
17627,8998
15490,16490
16134,18099
13829,37900
15200,139995
15110,43000
13192,8490
16646,3990
14169,4942
19053,21600
12995,1990
12012,48000
18335,14490
13228,40990
12419,14800
17989,13749
16150,14495
16717,9950
19583,11091
12686,35995
18411,7640
17122,17690
12375,13380
12431,35995
13222,20995
18838,37499
14714,11498
13392,10200
19135,44890
14346,40900
16448,23295
12131,3690
16384,27990
18822,18995
13336,50576
17745,5200
14571,16500
15982,27000
17776,39495
12099,59988
19048,36995
19080,28945
15214,3500
19260,9995
13391,12291
14412,16937
18516,37980
17263,10999
14996,13399
13212,46950
16940,10500
18755,11736
13418,8995
17588,28990
14356,18250
14690,19899
16981,13799
16210,20498
18175,61875
15872,18499
16306,2695
12241,10998
14841,52000
14081,18500
18188,4895
19602,10990
12898,24985
18898,20500
17957,62990
12185,37990
19283,13499
14834,5698
19013,14890
16647,4950
18889,17450
18723,32995
16742,34480
13359,10490
14244,47990
15042,5490
12307,19000
13570,24490
16783,9991
18850,8498
17521,4990
12273,34763
13045,12990
13521,55991
15166,24961
17782,7360
14025,13295
15067,10000
14798,67000
17346,9500
18834,3995
18763,17499
17899,12000
13269,17861
13009,8995
14497,22000
16888,10495
17033,13498
19374,8391
18275,5588
16761,20000
17031,7994
13172,17900
13582,36999
15050,29250
18279,18000
12005,2395
12867,9995
14961,13980
13158,28945
18008,10000
13015,64652
16092,16991
16432,46990
18980,21999
14618,8791
16810,42888
13557,13990
19169,9995
14136,47749
12480,23495
16527,35590
19448,30995
12176,11990
12852,16495
17542,51995
14441,26491
14585,15899
14799,3820
15102,10495
18641,15980
14368,12700
13167,8430
17394,29995
13809,27000
15227,38995
15663,10199
17172,18999
13082,35995
16442,10495
12973,12995
13110,55970
12599,17500
16774,27998
16485,11250
12159,7699
14717,16499
13760,17980
16268,15491
15097,39450
14740,23499
15354,6995
18403,20550
12234,14999
18291,33000
14253,12995
15080,22000
14864,6641
17453,13751
19295,8750
14660,28000
16555,6695
12391,10857
14296,20450
19353,14295
16081,30990
15065,1795
15304,42490
18268,36850
12260,14995
15083,13295
13843,12190
14348,22315
14179,13550
14735,4795
13258,45995
12427,26578
12192,20950
13488,10998
15534,17500
16414,35989
13193,4495
13445,22646
16802,14698
13810,17995
12101,19995
13023,27998
12771,19230
13241,11395
17333,23162
15811,26490
16009,18680
14551,17750
18552,18490
16630,15998
18108,9998
14415,11499
13268,30998
13401,59999
16607,17490
18388,7000
12617,23998
17819,10499
15586,32989
18250,2495
14695,19990
13664,13490
16566,30990
14521,11998
14437,4391
15367,21398
14323,54994
16005,7250
13036,44999
12940,39995
14803,19995
16294,18650
12257,33990
13643,8250
13763,17950
18550,32494
18560,23900
17305,19490
13544,55000
19383,10290
13481,9500
18407,74500
15612,40995
13185,18995
12769,21982
16920,17991
18859,32380
12540,6995
17717,13498
17014,5490
13103,62995
18974,9800
16777,10975
16094,39950
18496,19998
12349,6099
17890,15200
19027,7769
19601,14106
18102,48500
14531,21495
14328,74226
16962,30972
19017,59995
18100,40980
16204,31990
13300,12800
12611,15652
18087,2890
16929,18998
16571,36995
14948,10498
12473,21495
18105,39995
17242,21490
14767,24945
18669,13498
15930,21944
14752,48898
13798,11912
13601,9250
12791,9698
18712,29930
14198,18500
16200,2990
12748,15280
15605,1295
14646,10030
12130,7699
15169,17700
17657,27999
16149,7398
16186,16240
18488,8750
14761,22950
18384,18170
15086,21950
12447,31390
15240,8888
18057,27998
17457,45990
16924,38980
16478,12485
16842,19490
15833,18448
14188,56000
14565,5995
17996,39500
12863,43990
18947,10990
13288,3995
17849,44490
15179,38750
19554,41298
14229,3990
14426,2995
17164,14480
13078,19499
12162,25890
15241,10277
14060,37900
15357,30000
14439,14800
18824,25990
17395,54994
15967,17495
18377,4995
14589,18485
17285,6597
12717,10895
18020,17481
15752,57890
14730,19997
12372,11795
14672,20800
14393,3650
17920,23155
12168,48999
16497,5395
18839,19050
13463,5995
17618,58450
19242,56991
18956,36995
12322,19698
17133,10990
12341,14790
18688,18500
15759,21999
13879,42950
16312,7498
14885,12295
14471,16521
13660,17498
16496,20800
15782,8689
17895,35480
15975,7990
12994,6300
14489,10500
17038,22995
16969,11040
14862,40990
18761,4495
19447,10650
19008,13302
17962,17600
15561,16890
16989,45640
14583,11400
18924,29490
18011,5990
17959,30970
14017,4750
19594,19991
12361,27950
17590,10149
12087,16482
18704,14990
15376,15990
13309,15490
16303,17990
15906,41990
12932,5999
12126,104948
12528,15500
14815,24497
12045,42500
16856,17495
18932,19980
17810,8995
13943,22000
12097,23450
14043,18995
14973,32995
13412,24816
14104,14995
19468,23490
16898,17999
14416,28900
15453,8998
14666,23198
15135,14900
