date,month,product_code,quantity,sold
2022-01-03,1,DBR-56,230,15
2022-01-03,1,A35-AC,68,2
2022-01-03,1,DTC-23,201,8
2022-01-04,1,DBR-56,211,19
2022-01-04,1,A35-AC,62,6
2022-01-04,1,DTC-23,190,11
2022-01-05,1,DBR-56,193,18
2022-01-05,1,A35-AC,55,7
2022-01-05,1,DTC-23,184,6
2022-01-06,1,DBR-56,164,29
2022-01-06,1,A35-AC,53,2
2022-01-06,1,DTC-23,178,6
2022-01-07,1,DBR-56,141,23
2022-01-07,1,A35-AC,46,7
2022-01-07,1,DTC-23,166,12
2022-01-10,1,DBR-56,120,21
2022-01-10,1,A35-AC,43,3
2022-01-10,1,DTC-23,159,7
2022-01-11,1,DBR-56,102,18
2022-01-11,1,A35-AC,41,2
2022-01-11,1,DTC-23,147,12
2022-01-12,1,DBR-56,81,21
2022-01-12,1,A35-AC,36,5
2022-01-12,1,DTC-23,133,14
2022-01-13,1,DBR-56,56,25
2022-01-13,1,A35-AC,34,2
2022-01-13,1,DTC-23,119,14
2022-01-14,1,DBR-56,40,16
2022-01-14,1,A35-AC,31,3
2022-01-14,1,DTC-23,107,12
2022-01-17,1,DBR-56,15,25
2022-01-17,1,A35-AC,27,4
2022-01-17,1,DTC-23,99,8
2022-01-18,1,DBR-56,1,14
2022-01-18,1,A35-AC,25,2
2022-01-18,1,DTC-23,89,10
2022-01-19,1,DBR-56,0,1
2022-01-19,1,A35-AC,22,3
2022-01-19,1,DTC-23,78,11
2022-01-20,1,DBR-56,0,0
2022-01-20,1,A35-AC,16,6
2022-01-20,1,DTC-23,69,9
2022-01-21,1,DBR-56,0,0
2022-01-21,1,A35-AC,12,4
2022-01-21,1,DTC-23,57,12
2022-01-24,1,DBR-56,0,0
2022-01-24,1,A35-AC,9,3
2022-01-24,1,DTC-23,52,5
2022-01-25,1,DBR-56,0,0
2022-01-25,1,A35-AC,6,3
2022-01-25,1,DTC-23,47,5
2022-01-26,1,DBR-56,0,0
2022-01-26,1,A35-AC,0,6
2022-01-26,1,DTC-23,37,10
2022-01-27,1,DBR-56,0,0
2022-01-27,1,A35-AC,0,0
2022-01-27,1,DTC-23,29,8
2022-01-28,1,DBR-56,0,0
2022-01-28,1,A35-AC,0,0
2022-01-28,1,DTC-23,16,13
2022-01-31,1,DBR-56,0,0
2022-01-31,1,A35-AC,0,0
2022-01-31,1,DTC-23,7,9
2022-02-01,2,DBR-56,292,14
2022-02-01,2,A35-AC,93,6
2022-02-01,2,DTC-23,248,7
2022-02-02,2,DBR-56,273,19
2022-02-02,2,A35-AC,90,3
2022-02-02,2,DTC-23,235,13
2022-02-03,2,DBR-56,258,15
2022-02-03,2,A35-AC,84,6
2022-02-03,2,DTC-23,224,11
2022-02-04,2,DBR-56,246,12
2022-02-04,2,A35-AC,80,4
2022-02-04,2,DTC-23,216,8
2022-02-07,2,DBR-56,218,28
2022-02-07,2,A35-AC,76,4
2022-02-07,2,DTC-23,211,5
2022-02-08,2,DBR-56,201,17
2022-02-08,2,A35-AC,71,5
2022-02-08,2,DTC-23,198,13
2022-02-09,2,DBR-56,187,14
2022-02-09,2,A35-AC,68,3
2022-02-09,2,DTC-23,192,6
2022-02-10,2,DBR-56,169,18
2022-02-10,2,A35-AC,62,6
2022-02-10,2,DTC-23,176,16
2022-02-11,2,DBR-56,139,30
2022-02-11,2,A35-AC,57,5
2022-02-11,2,DTC-23,170,6
2022-02-14,2,DBR-56,128,11
2022-02-14,2,A35-AC,51,6
2022-02-14,2,DTC-23,164,6
2022-02-15,2,DBR-56,99,29
2022-02-15,2,A35-AC,47,4
2022-02-15,2,DTC-23,152,12
2022-02-16,2,DBR-56,77,22
2022-02-16,2,A35-AC,41,6
2022-02-16,2,DTC-23,139,13
2022-02-17,2,DBR-56,47,30
2022-02-17,2,A35-AC,36,5
2022-02-17,2,DTC-23,134,5
2022-02-18,2,DBR-56,21,26
2022-02-18,2,A35-AC,32,4
2022-02-18,2,DTC-23,119,15
2022-02-21,2,DBR-56,9,12
2022-02-21,2,A35-AC,28,4
2022-02-21,2,DTC-23,109,10
2022-02-22,2,DBR-56,0,9
2022-02-22,2,A35-AC,26,2
2022-02-22,2,DTC-23,93,16
2022-02-23,2,DBR-56,0,0
2022-02-23,2,A35-AC,23,3
2022-02-23,2,DTC-23,86,7
2022-02-24,2,DBR-56,0,0
2022-02-24,2,A35-AC,21,2
2022-02-24,2,DTC-23,73,13
2022-02-25,2,DBR-56,0,0
2022-02-25,2,A35-AC,18,3
2022-02-25,2,DTC-23,61,12
2022-02-28,2,DBR-56,0,0
2022-02-28,2,A35-AC,13,5
2022-02-28,2,DTC-23,54,7
2022-03-01,3,DBR-56,332,21
2022-03-01,3,A35-AC,98,7
2022-03-01,3,DTC-23,316,5
2022-03-02,3,DBR-56,322,10
2022-03-02,3,A35-AC,91,7
2022-03-02,3,DTC-23,304,12
2022-03-03,3,DBR-56,296,26
2022-03-03,3,A35-AC,88,3
2022-03-03,3,DTC-23,298,6
2022-03-04,3,DBR-56,270,26
2022-03-04,3,A35-AC,84,4
2022-03-04,3,DTC-23,289,9
2022-03-07,3,DBR-56,245,25
2022-03-07,3,A35-AC,78,6
2022-03-07,3,DTC-23,277,12
2022-03-08,3,DBR-56,229,16
2022-03-08,3,A35-AC,71,7
2022-03-08,3,DTC-23,261,16
2022-03-09,3,DBR-56,213,16
2022-03-09,3,A35-AC,69,2
2022-03-09,3,DTC-23,253,8
2022-03-10,3,DBR-56,196,17
2022-03-10,3,A35-AC,63,6
2022-03-10,3,DTC-23,242,11
2022-03-11,3,DBR-56,170,26
2022-03-11,3,A35-AC,57,6
2022-03-11,3,DTC-23,236,6
2022-03-14,3,DBR-56,157,13
2022-03-14,3,A35-AC,50,7
2022-03-14,3,DTC-23,229,7
2022-03-15,3,DBR-56,133,24
2022-03-15,3,A35-AC,45,5
2022-03-15,3,DTC-23,223,6
2022-03-16,3,DBR-56,103,30
2022-03-16,3,A35-AC,42,3
2022-03-16,3,DTC-23,214,9
2022-03-17,3,DBR-56,91,12
2022-03-17,3,A35-AC,37,5
2022-03-17,3,DTC-23,207,7
2022-03-18,3,DBR-56,81,10
2022-03-18,3,A35-AC,34,3
2022-03-18,3,DTC-23,199,8
2022-03-21,3,DBR-56,59,22
2022-03-21,3,A35-AC,28,6
2022-03-21,3,DTC-23,190,9
2022-03-22,3,DBR-56,49,10
2022-03-22,3,A35-AC,25,3
2022-03-22,3,DTC-23,185,5
2022-03-23,3,DBR-56,26,23
2022-03-23,3,A35-AC,23,2
2022-03-23,3,DTC-23,171,14
2022-03-24,3,DBR-56,0,26
2022-03-24,3,A35-AC,16,7
2022-03-24,3,DTC-23,164,7
2022-03-25,3,DBR-56,0,0
2022-03-25,3,A35-AC,13,3
2022-03-25,3,DTC-23,159,5
2022-03-28,3,DBR-56,0,0
2022-03-28,3,A35-AC,7,6
2022-03-28,3,DTC-23,147,12
2022-03-29,3,DBR-56,0,0
2022-03-29,3,A35-AC,5,2
2022-03-29,3,DTC-23,133,14
2022-03-30,3,DBR-56,0,0
2022-03-30,3,A35-AC,0,5
2022-03-30,3,DTC-23,120,13
2022-03-31,3,DBR-56,0,0
2022-03-31,3,A35-AC,0,0
2022-03-31,3,DTC-23,107,13
2022-04-01,4,DBR-56,304,14
2022-04-01,4,A35-AC,92,7
2022-04-01,4,DTC-23,276,7
2022-04-04,4,DBR-56,281,23
2022-04-04,4,A35-AC,87,5
2022-04-04,4,DTC-23,264,12
2022-04-05,4,DBR-56,267,14
2022-04-05,4,A35-AC,84,3
2022-04-05,4,DTC-23,255,9
2022-04-06,4,DBR-56,254,13
2022-04-06,4,A35-AC,80,4
2022-04-06,4,DTC-23,245,10
2022-04-07,4,DBR-56,242,12
2022-04-07,4,A35-AC,74,6
2022-04-07,4,DTC-23,236,9
2022-04-08,4,DBR-56,228,14
2022-04-08,4,A35-AC,70,4
2022-04-08,4,DTC-23,223,13
2022-04-11,4,DBR-56,210,18
2022-04-11,4,A35-AC,65,5
2022-04-11,4,DTC-23,212,11
2022-04-12,4,DBR-56,186,24
2022-04-12,4,A35-AC,62,3
2022-04-12,4,DTC-23,205,7
2022-04-13,4,DBR-56,173,13
2022-04-13,4,A35-AC,59,3
2022-04-13,4,DTC-23,198,7
2022-04-14,4,DBR-56,157,16
2022-04-14,4,A35-AC,54,5
2022-04-14,4,DTC-23,188,10
2022-04-15,4,DBR-56,135,22
2022-04-15,4,A35-AC,52,2
2022-04-15,4,DTC-23,180,8
2022-04-18,4,DBR-56,105,30
2022-04-18,4,A35-AC,48,4
2022-04-18,4,DTC-23,164,16
2022-04-19,4,DBR-56,89,16
2022-04-19,4,A35-AC,41,7
2022-04-19,4,DTC-23,158,6
2022-04-20,4,DBR-56,59,30
2022-04-20,4,A35-AC,36,5
2022-04-20,4,DTC-23,142,16
2022-04-21,4,DBR-56,34,25
2022-04-21,4,A35-AC,29,7
2022-04-21,4,DTC-23,135,7
2022-04-22,4,DBR-56,13,21
2022-04-22,4,A35-AC,23,6
2022-04-22,4,DTC-23,125,10
2022-04-25,4,DBR-56,0,13
2022-04-25,4,A35-AC,21,2
2022-04-25,4,DTC-23,114,11
2022-04-26,4,DBR-56,0,0
2022-04-26,4,A35-AC,17,4
2022-04-26,4,DTC-23,108,6
2022-04-27,4,DBR-56,0,0
2022-04-27,4,A35-AC,11,6
2022-04-27,4,DTC-23,95,13
2022-04-28,4,DBR-56,0,0
2022-04-28,4,A35-AC,6,5
2022-04-28,4,DTC-23,88,7
2022-04-29,4,DBR-56,0,0
2022-04-29,4,A35-AC,4,2
2022-04-29,4,DTC-23,77,11
2022-05-02,5,DBR-56,232,11
2022-05-02,5,A35-AC,94,6
2022-05-02,5,DTC-23,281,12
2022-05-03,5,DBR-56,202,30
2022-05-03,5,A35-AC,87,7
2022-05-03,5,DTC-23,272,9
2022-05-04,5,DBR-56,179,23
2022-05-04,5,A35-AC,81,6
2022-05-04,5,DTC-23,262,10
2022-05-05,5,DBR-56,164,15
2022-05-05,5,A35-AC,79,2
2022-05-05,5,DTC-23,247,15
2022-05-06,5,DBR-56,150,14
2022-05-06,5,A35-AC,72,7
2022-05-06,5,DTC-23,239,8
2022-05-09,5,DBR-56,120,30
2022-05-09,5,A35-AC,66,6
2022-05-09,5,DTC-23,228,11
2022-05-10,5,DBR-56,96,24
2022-05-10,5,A35-AC,62,4
2022-05-10,5,DTC-23,221,7
2022-05-11,5,DBR-56,82,14
2022-05-11,5,A35-AC,59,3
2022-05-11,5,DTC-23,215,6
2022-05-12,5,DBR-56,63,19
2022-05-12,5,A35-AC,53,6
2022-05-12,5,DTC-23,202,13
2022-05-13,5,DBR-56,38,25
2022-05-13,5,A35-AC,51,2
2022-05-13,5,DTC-23,189,13
2022-05-16,5,DBR-56,24,14
2022-05-16,5,A35-AC,48,3
2022-05-16,5,DTC-23,183,6
2022-05-17,5,DBR-56,0,24
2022-05-17,5,A35-AC,43,5
2022-05-17,5,DTC-23,171,12
2022-05-18,5,DBR-56,0,0
2022-05-18,5,A35-AC,36,7
2022-05-18,5,DTC-23,155,16
2022-05-19,5,DBR-56,0,0
2022-05-19,5,A35-AC,30,6
2022-05-19,5,DTC-23,142,13
2022-05-20,5,DBR-56,0,0
2022-05-20,5,A35-AC,25,5
2022-05-20,5,DTC-23,127,15
2022-05-23,5,DBR-56,0,0
2022-05-23,5,A35-AC,18,7
2022-05-23,5,DTC-23,118,9
2022-05-24,5,DBR-56,0,0
2022-05-24,5,A35-AC,14,4
2022-05-24,5,DTC-23,105,13
2022-05-25,5,DBR-56,0,0
2022-05-25,5,A35-AC,11,3
2022-05-25,5,DTC-23,96,9
2022-05-26,5,DBR-56,0,0
2022-05-26,5,A35-AC,8,3
2022-05-26,5,DTC-23,89,7
2022-05-27,5,DBR-56,0,0
2022-05-27,5,A35-AC,4,4
2022-05-27,5,DTC-23,76,13
2022-05-30,5,DBR-56,0,0
2022-05-30,5,A35-AC,0,4
2022-05-30,5,DTC-23,60,16
2022-05-31,5,DBR-56,0,0
2022-05-31,5,A35-AC,0,0
2022-05-31,5,DTC-23,54,6
2022-06-01,6,DBR-56,280,17
2022-06-01,6,A35-AC,67,5
2022-06-01,6,DTC-23,225,12
2022-06-02,6,DBR-56,252,28
2022-06-02,6,A35-AC,63,4
2022-06-02,6,DTC-23,213,12
2022-06-03,6,DBR-56,231,21
2022-06-03,6,A35-AC,60,3
2022-06-03,6,DTC-23,208,5
2022-06-06,6,DBR-56,202,29
2022-06-06,6,A35-AC,55,5
2022-06-06,6,DTC-23,196,12
2022-06-07,6,DBR-56,189,13
2022-06-07,6,A35-AC,48,7
2022-06-07,6,DTC-23,181,15
2022-06-08,6,DBR-56,173,16
2022-06-08,6,A35-AC,46,2
2022-06-08,6,DTC-23,173,8
2022-06-09,6,DBR-56,154,19
2022-06-09,6,A35-AC,42,4
2022-06-09,6,DTC-23,166,7
2022-06-10,6,DBR-56,124,30
2022-06-10,6,A35-AC,40,2
2022-06-10,6,DTC-23,160,6
2022-06-13,6,DBR-56,112,12
2022-06-13,6,A35-AC,36,4
2022-06-13,6,DTC-23,145,15
2022-06-14,6,DBR-56,89,23
2022-06-14,6,A35-AC,31,5
2022-06-14,6,DTC-23,136,9
2022-06-15,6,DBR-56,67,22
2022-06-15,6,A35-AC,29,2
2022-06-15,6,DTC-23,121,15
2022-06-16,6,DBR-56,41,26
2022-06-16,6,A35-AC,23,6
2022-06-16,6,DTC-23,107,14
2022-06-17,6,DBR-56,25,16
2022-06-17,6,A35-AC,18,5
2022-06-17,6,DTC-23,92,15
2022-06-20,6,DBR-56,8,17
2022-06-20,6,A35-AC,16,2
2022-06-20,6,DTC-23,79,13
2022-06-21,6,DBR-56,0,8
2022-06-21,6,A35-AC,14,2
2022-06-21,6,DTC-23,68,11
2022-06-22,6,DBR-56,0,0
2022-06-22,6,A35-AC,11,3
2022-06-22,6,DTC-23,61,7
2022-06-23,6,DBR-56,0,0
2022-06-23,6,A35-AC,8,3
2022-06-23,6,DTC-23,47,14
2022-06-24,6,DBR-56,0,0
2022-06-24,6,A35-AC,6,2
2022-06-24,6,DTC-23,35,12
2022-06-27,6,DBR-56,0,0
2022-06-27,6,A35-AC,2,4
2022-06-27,6,DTC-23,26,9
2022-06-28,6,DBR-56,0,0
2022-06-28,6,A35-AC,0,2
2022-06-28,6,DTC-23,16,10
2022-06-29,6,DBR-56,0,0
2022-06-29,6,A35-AC,0,0
2022-06-29,6,DTC-23,7,9
2022-06-30,6,DBR-56,0,0
2022-06-30,6,A35-AC,0,0
2022-06-30,6,DTC-23,0,7
2022-07-01,7,DBR-56,371,13
2022-07-01,7,A35-AC,61,3
2022-07-01,7,DTC-23,281,9
2022-07-04,7,DBR-56,361,10
2022-07-04,7,A35-AC,60,1
2022-07-04,7,DTC-23,274,7
2022-07-05,7,DBR-56,348,13
2022-07-05,7,A35-AC,59,1
2022-07-05,7,DTC-23,271,3
2022-07-06,7,DBR-56,333,15
2022-07-06,7,A35-AC,58,1
2022-07-06,7,DTC-23,265,6
2022-07-07,7,DBR-56,325,8
2022-07-07,7,A35-AC,54,4
2022-07-07,7,DTC-23,256,9
2022-07-08,7,DBR-56,319,6
2022-07-08,7,A35-AC,53,1
2022-07-08,7,DTC-23,250,6
2022-07-11,7,DBR-56,303,16
2022-07-11,7,A35-AC,52,1
2022-07-11,7,DTC-23,243,7
2022-07-12,7,DBR-56,291,12
2022-07-12,7,A35-AC,49,3
2022-07-12,7,DTC-23,236,7
2022-07-13,7,DBR-56,275,16
2022-07-13,7,A35-AC,45,4
2022-07-13,7,DTC-23,233,3
2022-07-14,7,DBR-56,259,16
2022-07-14,7,A35-AC,44,1
2022-07-14,7,DTC-23,230,3
2022-07-15,7,DBR-56,246,13
2022-07-15,7,A35-AC,43,1
2022-07-15,7,DTC-23,223,7
2022-07-18,7,DBR-56,231,15
2022-07-18,7,A35-AC,40,3
2022-07-18,7,DTC-23,217,6
2022-07-19,7,DBR-56,218,13
2022-07-19,7,A35-AC,37,3
2022-07-19,7,DTC-23,208,9
2022-07-20,7,DBR-56,200,18
2022-07-20,7,A35-AC,36,1
2022-07-20,7,DTC-23,202,6
2022-07-21,7,DBR-56,185,15
2022-07-21,7,A35-AC,35,1
2022-07-21,7,DTC-23,195,7
2022-07-22,7,DBR-56,171,14
2022-07-22,7,A35-AC,32,3
2022-07-22,7,DTC-23,189,6
2022-07-25,7,DBR-56,163,8
2022-07-25,7,A35-AC,31,1
2022-07-25,7,DTC-23,181,8
2022-07-26,7,DBR-56,156,7
2022-07-26,7,A35-AC,30,1
2022-07-26,7,DTC-23,172,9
2022-07-27,7,DBR-56,145,11
2022-07-27,7,A35-AC,27,3
2022-07-27,7,DTC-23,165,7
2022-07-28,7,DBR-56,129,16
2022-07-28,7,A35-AC,26,1
2022-07-28,7,DTC-23,162,3
2022-07-29,7,DBR-56,114,15
2022-07-29,7,A35-AC,23,3
2022-07-29,7,DTC-23,155,7
2022-08-01,8,DBR-56,474,13
2022-08-01,8,A35-AC,96,1
2022-08-01,8,DTC-23,317,7
2022-08-02,8,DBR-56,456,18
2022-08-02,8,A35-AC,94,2
2022-08-02,8,DTC-23,313,4
2022-08-03,8,DBR-56,436,20
2022-08-03,8,A35-AC,92,2
2022-08-03,8,DTC-23,307,6
2022-08-04,8,DBR-56,426,10
2022-08-04,8,A35-AC,90,2
2022-08-04,8,DTC-23,303,4
2022-08-05,8,DBR-56,405,21
2022-08-05,8,A35-AC,88,2
2022-08-05,8,DTC-23,293,10
2022-08-08,8,DBR-56,388,17
2022-08-08,8,A35-AC,84,4
2022-08-08,8,DTC-23,286,7
2022-08-09,8,DBR-56,377,11
2022-08-09,8,A35-AC,82,2
2022-08-09,8,DTC-23,281,5
2022-08-10,8,DBR-56,370,7
2022-08-10,8,A35-AC,80,2
2022-08-10,8,DTC-23,272,9
2022-08-11,8,DBR-56,356,14
2022-08-11,8,A35-AC,78,2
2022-08-11,8,DTC-23,265,7
2022-08-12,8,DBR-56,346,10
2022-08-12,8,A35-AC,76,2
2022-08-12,8,DTC-23,261,4
2022-08-15,8,DBR-56,327,19
2022-08-15,8,A35-AC,75,1
2022-08-15,8,DTC-23,258,3
2022-08-16,8,DBR-56,306,21
2022-08-16,8,A35-AC,72,3
2022-08-16,8,DTC-23,254,4
2022-08-17,8,DBR-56,297,9
2022-08-17,8,A35-AC,71,1
2022-08-17,8,DTC-23,250,4
2022-08-18,8,DBR-56,276,21
2022-08-18,8,A35-AC,69,2
2022-08-18,8,DTC-23,239,11
2022-08-19,8,DBR-56,260,16
2022-08-19,8,A35-AC,68,1
2022-08-19,8,DTC-23,234,5
2022-08-22,8,DBR-56,243,17
2022-08-22,8,A35-AC,66,2
2022-08-22,8,DTC-23,225,9
2022-08-23,8,DBR-56,234,9
2022-08-23,8,A35-AC,64,2
2022-08-23,8,DTC-23,216,9
2022-08-24,8,DBR-56,218,16
2022-08-24,8,A35-AC,60,4
2022-08-24,8,DTC-23,208,8
2022-08-25,8,DBR-56,207,11
2022-08-25,8,A35-AC,58,2
2022-08-25,8,DTC-23,202,6
2022-08-26,8,DBR-56,193,14
2022-08-26,8,A35-AC,54,4
2022-08-26,8,DTC-23,197,5
2022-08-29,8,DBR-56,182,11
2022-08-29,8,A35-AC,53,1
2022-08-29,8,DTC-23,190,7
2022-08-30,8,DBR-56,164,18
2022-08-30,8,A35-AC,50,3
2022-08-30,8,DTC-23,184,6
2022-08-31,8,DBR-56,147,17
2022-08-31,8,A35-AC,48,2
2022-08-31,8,DTC-23,179,5
2022-09-01,9,DBR-56,526,13
2022-09-01,9,A35-AC,118,4
2022-09-01,9,DTC-23,436,9
2022-09-02,9,DBR-56,500,26
2022-09-02,9,A35-AC,116,2
2022-09-02,9,DTC-23,429,7
2022-09-05,9,DBR-56,487,13
2022-09-05,9,A35-AC,111,5
2022-09-05,9,DTC-23,417,12
2022-09-06,9,DBR-56,458,29
2022-09-06,9,A35-AC,109,2
2022-09-06,9,DTC-23,403,14
2022-09-07,9,DBR-56,448,10
2022-09-07,9,A35-AC,105,4
2022-09-07,9,DTC-23,387,16
2022-09-08,9,DBR-56,432,16
2022-09-08,9,A35-AC,102,3
2022-09-08,9,DTC-23,379,8
2022-09-09,9,DBR-56,416,16
2022-09-09,9,A35-AC,99,3
2022-09-09,9,DTC-23,363,16
2022-09-12,9,DBR-56,386,30
2022-09-12,9,A35-AC,97,2
2022-09-12,9,DTC-23,356,7
2022-09-13,9,DBR-56,360,26
2022-09-13,9,A35-AC,93,4
2022-09-13,9,DTC-23,343,13
2022-09-14,9,DBR-56,336,24
2022-09-14,9,A35-AC,89,4
2022-09-14,9,DTC-23,334,9
2022-09-15,9,DBR-56,313,23
2022-09-15,9,A35-AC,84,5
2022-09-15,9,DTC-23,320,14
2022-09-16,9,DBR-56,303,10
2022-09-16,9,A35-AC,78,6
2022-09-16,9,DTC-23,308,12
2022-09-19,9,DBR-56,273,30
2022-09-19,9,A35-AC,72,6
2022-09-19,9,DTC-23,301,7
2022-09-20,9,DBR-56,263,10
2022-09-20,9,A35-AC,67,5
2022-09-20,9,DTC-23,286,15
2022-09-21,9,DBR-56,237,26
2022-09-21,9,A35-AC,62,5
2022-09-21,9,DTC-23,277,9
2022-09-22,9,DBR-56,226,11
2022-09-22,9,A35-AC,56,6
2022-09-22,9,DTC-23,272,5
2022-09-23,9,DBR-56,208,18
2022-09-23,9,A35-AC,53,3
2022-09-23,9,DTC-23,267,5
2022-09-26,9,DBR-56,193,15
2022-09-26,9,A35-AC,46,7
2022-09-26,9,DTC-23,252,15
2022-09-27,9,DBR-56,172,21
2022-09-27,9,A35-AC,43,3
2022-09-27,9,DTC-23,242,10
2022-09-28,9,DBR-56,145,27
2022-09-28,9,A35-AC,37,6
2022-09-28,9,DTC-23,228,14
2022-09-29,9,DBR-56,117,28
2022-09-29,9,A35-AC,33,4
2022-09-29,9,DTC-23,217,11
2022-09-30,9,DBR-56,99,18
2022-09-30,9,A35-AC,29,4
2022-09-30,9,DTC-23,212,5
2022-10-03,10,DBR-56,368,13
2022-10-03,10,A35-AC,100,8
2022-10-03,10,DTC-23,437,18
2022-10-04,10,DBR-56,346,22
2022-10-04,10,A35-AC,93,7
2022-10-04,10,DTC-23,425,12
2022-10-05,10,DBR-56,321,25
2022-10-05,10,A35-AC,89,4
2022-10-05,10,DTC-23,413,12
2022-10-06,10,DBR-56,302,19
2022-10-06,10,A35-AC,82,7
2022-10-06,10,DTC-23,398,15
2022-10-07,10,DBR-56,287,15
2022-10-07,10,A35-AC,80,2
2022-10-07,10,DTC-23,385,13
2022-10-10,10,DBR-56,256,31
2022-10-10,10,A35-AC,72,8
2022-10-10,10,DTC-23,377,8
2022-10-11,10,DBR-56,226,30
2022-10-11,10,A35-AC,66,6
2022-10-11,10,DTC-23,365,12
2022-10-12,10,DBR-56,212,14
2022-10-12,10,A35-AC,60,6
2022-10-12,10,DTC-23,350,15
2022-10-13,10,DBR-56,181,31
2022-10-13,10,A35-AC,58,2
2022-10-13,10,DTC-23,343,7
2022-10-14,10,DBR-56,149,32
2022-10-14,10,A35-AC,50,8
2022-10-14,10,DTC-23,327,16
2022-10-17,10,DBR-56,121,28
2022-10-17,10,A35-AC,48,2
2022-10-17,10,DTC-23,311,16
2022-10-18,10,DBR-56,90,31
2022-10-18,10,A35-AC,42,6
2022-10-18,10,DTC-23,295,16
2022-10-19,10,DBR-56,74,16
2022-10-19,10,A35-AC,36,6
2022-10-19,10,DTC-23,283,12
2022-10-20,10,DBR-56,41,33
2022-10-20,10,A35-AC,28,8
2022-10-20,10,DTC-23,273,10
2022-10-21,10,DBR-56,11,30
2022-10-21,10,A35-AC,25,3
2022-10-21,10,DTC-23,257,16
2022-10-24,10,DBR-56,0,11
2022-10-24,10,A35-AC,23,2
2022-10-24,10,DTC-23,245,12
2022-10-25,10,DBR-56,0,0
2022-10-25,10,A35-AC,17,6
2022-10-25,10,DTC-23,226,19
2022-10-26,10,DBR-56,0,0
2022-10-26,10,A35-AC,9,8
2022-10-26,10,DTC-23,214,12
2022-10-27,10,DBR-56,0,0
2022-10-27,10,A35-AC,5,4
2022-10-27,10,DTC-23,199,15
2022-10-28,10,DBR-56,0,0
2022-10-28,10,A35-AC,2,3
2022-10-28,10,DTC-23,190,9
2022-10-31,10,DBR-56,0,0
2022-10-31,10,A35-AC,0,2
2022-10-31,10,DTC-23,182,8
2022-11-01,11,DBR-56,346,29
2022-11-01,11,A35-AC,101,4
2022-11-01,11,DTC-23,427,9
2022-11-02,11,DBR-56,318,28
2022-11-02,11,A35-AC,94,7
2022-11-02,11,DTC-23,419,8
2022-11-03,11,DBR-56,299,19
2022-11-03,11,A35-AC,89,5
2022-11-03,11,DTC-23,405,14
2022-11-04,11,DBR-56,284,15
2022-11-04,11,A35-AC,82,7
2022-11-04,11,DTC-23,383,22
2022-11-07,11,DBR-56,245,39
2022-11-07,11,A35-AC,73,9
2022-11-07,11,DTC-23,376,7
2022-11-08,11,DBR-56,216,29
2022-11-08,11,A35-AC,69,4
2022-11-08,11,DTC-23,355,21
2022-11-09,11,DBR-56,195,21
2022-11-09,11,A35-AC,60,9
2022-11-09,11,DTC-23,333,22
2022-11-10,11,DBR-56,180,15
2022-11-10,11,A35-AC,51,9
2022-11-10,11,DTC-23,324,9
2022-11-11,11,DBR-56,143,37
2022-11-11,11,A35-AC,43,8
2022-11-11,11,DTC-23,310,14
2022-11-14,11,DBR-56,117,26
2022-11-14,11,A35-AC,39,4
2022-11-14,11,DTC-23,296,14
2022-11-15,11,DBR-56,88,29
2022-11-15,11,A35-AC,34,5
2022-11-15,11,DTC-23,281,15
2022-11-16,11,DBR-56,63,25
2022-11-16,11,A35-AC,29,5
2022-11-16,11,DTC-23,266,15
2022-11-17,11,DBR-56,48,15
2022-11-17,11,A35-AC,24,5
2022-11-17,11,DTC-23,252,14
2022-11-18,11,DBR-56,20,28
2022-11-18,11,A35-AC,20,4
2022-11-18,11,DTC-23,241,11
2022-11-21,11,DBR-56,0,20
2022-11-21,11,A35-AC,16,4
2022-11-21,11,DTC-23,226,15
2022-11-22,11,DBR-56,0,0
2022-11-22,11,A35-AC,8,8
2022-11-22,11,DTC-23,217,9
2022-11-23,11,DBR-56,0,0
2022-11-23,11,A35-AC,6,2
2022-11-23,11,DTC-23,206,11
2022-11-24,11,DBR-56,0,0
2022-11-24,11,A35-AC,4,2
2022-11-24,11,DTC-23,188,18
2022-11-25,11,DBR-56,0,0
2022-11-25,11,A35-AC,0,4
2022-11-25,11,DTC-23,167,21
2022-11-28,11,DBR-56,0,0
2022-11-28,11,A35-AC,0,0
2022-11-28,11,DTC-23,152,15
2022-11-29,11,DBR-56,0,0
2022-11-29,11,A35-AC,0,0
2022-11-29,11,DTC-23,141,11
2022-11-30,11,DBR-56,0,0
2022-11-30,11,A35-AC,0,0
2022-11-30,11,DTC-23,120,21
2022-12-01,12,DBR-56,319,34
2022-12-01,12,A35-AC,62,4
2022-12-01,12,DTC-23,281,9
2022-12-02,12,DBR-56,291,28
2022-12-02,12,A35-AC,59,3
2022-12-02,12,DTC-23,266,15
2022-12-05,12,DBR-56,272,19
2022-12-05,12,A35-AC,49,10
2022-12-05,12,DTC-23,254,12
2022-12-06,12,DBR-56,251,21
2022-12-06,12,A35-AC,39,10
2022-12-06,12,DTC-23,239,15
2022-12-07,12,DBR-56,208,43
2022-12-07,12,A35-AC,29,10
2022-12-07,12,DTC-23,223,16
2022-12-08,12,DBR-56,186,22
2022-12-08,12,A35-AC,25,4
2022-12-08,12,DTC-23,199,24
2022-12-09,12,DBR-56,146,40
2022-12-09,12,A35-AC,22,3
2022-12-09,12,DTC-23,192,7
2022-12-12,12,DBR-56,106,40
2022-12-12,12,A35-AC,18,4
2022-12-12,12,DTC-23,168,24
2022-12-13,12,DBR-56,63,43
2022-12-13,12,A35-AC,8,10
2022-12-13,12,DTC-23,158,10
2022-12-14,12,DBR-56,21,42
2022-12-14,12,A35-AC,2,6
2022-12-14,12,DTC-23,139,19
2022-12-15,12,DBR-56,0,21
2022-12-15,12,A35-AC,0,2
2022-12-15,12,DTC-23,118,21
2022-12-16,12,DBR-56,0,0
2022-12-16,12,A35-AC,0,0
2022-12-16,12,DTC-23,105,13
2022-12-19,12,DBR-56,0,0
2022-12-19,12,A35-AC,0,0
2022-12-19,12,DTC-23,95,10
2022-12-20,12,DBR-56,0,0
2022-12-20,12,A35-AC,0,0
2022-12-20,12,DTC-23,88,7
2022-12-21,12,DBR-56,0,0
2022-12-21,12,A35-AC,0,0
2022-12-21,12,DTC-23,81,7
2022-12-22,12,DBR-56,0,0
2022-12-22,12,A35-AC,0,0
2022-12-22,12,DTC-23,63,18
2022-12-23,12,DBR-56,0,0
2022-12-23,12,A35-AC,0,0
2022-12-23,12,DTC-23,54,9
2022-12-26,12,DBR-56,0,0
2022-12-26,12,A35-AC,0,0
2022-12-26,12,DTC-23,45,9
2022-12-27,12,DBR-56,0,0
2022-12-27,12,A35-AC,0,0
2022-12-27,12,DTC-23,21,24
2022-12-28,12,DBR-56,0,0
2022-12-28,12,A35-AC,0,0
2022-12-28,12,DTC-23,5,16
2022-12-29,12,DBR-56,0,0
2022-12-29,12,A35-AC,0,0
2022-12-29,12,DTC-23,0,5
2022-12-30,12,DBR-56,0,0
2022-12-30,12,A35-AC,0,0
2022-12-30,12,DTC-23,0,0
