bank_id,date,amount,recipient,sender
10624661858,2019-05-02,-3361.88,Salazar Ltd,
10624662480,2019-05-06,-1492.87,Villanueva PLC,
10624665475,2019-05-07,-8092.58,"Myers, Thornton and Hill",
10624669251,2019-05-09,1346.77,,Bell-Roberts
10624672123,2019-05-11,-4183.59,Levy Group,
10624673966,2019-05-16,6455.47,,Grimes-Green
10624676687,2019-05-18,3870.87,,Chang-Fisher
10624681078,2019-05-22,8155.1,,Gray-Hutchinson
10624681078,2019-05-22,8155.1,,Gray-Hutchinson
10624689484,2019-05-24,-1671.46,Archer-Patel,
10624689484,2019-05-24,-1671.46,Archer-Patel,
10624693683,2019-05-25,4230.21,,"Martinez, Clark and Owen"
10624699262,2019-05-27,-24.94,"Browning, Williams and Curry",
10624700871,2019-05-30,-8091.35,"Moore, Martin and Moreno",
10624700871,2019-05-30,-8091.35,"Moore, Martin and Moreno",
10624705180,2019-06-01,-8278.29,Chan-Johnson,
10624706771,2019-06-02,7784.08,,Bell-White
10624706771,2019-06-02,7784.08,,Bell-White
10624710889,2019-06-07,2243.56,,Sheppard-Tucker
10624720808,2019-06-07,-2455.43,"Myers, Thornton and Hill",
10624726837,2019-06-08,4775.12,,"Patrick, Barrera and Collins"
10624733129,2019-06-12,-9288.59,"Moore, Martin and Moreno",
10624735065,2019-06-17,8321.32,,Archer-Patel
10624740674,2019-06-22,7230.12,,"Summers, Barnett and Smith"
10624749232,2019-06-22,1339.29,,"Walker, Pratt and Thomas"
10624757941,2019-06-26,-1525.09,"Harris, Lloyd and Payne",
10624765675,2019-07-01,-3396.11,Miller-Salazar,
10624771274,2019-07-01,9660.59,,"Mcdonald, Carlson and Lyons"
10624772944,2019-07-04,2346.68,,Sheppard-Tucker
10624772944,2019-07-04,2346.68,,Sheppard-Tucker
10624773735,2019-07-05,1791.3,,Garza-Mcclain
10624773735,2019-07-05,1791.3,,Garza-Mcclain
10624782842,2019-07-08,-7342.03,Sanchez Ltd,
10624792651,2019-07-10,-3441.19,"Miller, Hill and Chavez",
10624802197,2019-07-11,-3027.56,Carlson Group,
10624811797,2019-07-15,-758.02,Alvarez Group,
10624811797,2019-07-15,-758.02,Alvarez Group,
10624819686,2019-07-19,-9257.25,Jones-Jones,
10624819686,2019-07-19,-9257.25,Jones-Jones,
10624827551,2019-07-23,7151.27,,Grant-Potts
10624832206,2019-07-26,459.29,,"Munoz, Smith and Williams"
10624834944,2019-07-29,-7482.14,"Mcdonald, Carlson and Lyons",
10624840496,2019-08-02,-6288.23,Brown-Miles,
10624840496,2019-08-02,-6288.23,Brown-Miles,
10624848707,2019-08-06,1993.45,,Levy Group
10624848707,2019-08-06,1993.45,,Levy Group
10624852947,2019-08-06,5022.69,,"Munoz, Smith and Williams"
10624853702,2019-08-07,-5801.36,Williams PLC,
10624857038,2019-08-11,5588.73,,Ramirez-Good
10624865066,2019-08-14,-6959.74,"Lawson, Simpson and Schneider",
10624868760,2019-08-19,-3639.68,"Golden, Lowery and Banks",
10624868760,2019-08-19,-3639.68,"Golden, Lowery and Banks",
10624878125,2019-08-19,2447.96,,"West, Miller and Flores"
10624886287,2019-08-20,4046.85,,Keller-Davies
10624890201,2019-08-25,-833.79,Martinez-Wilson,
10624894549,2019-08-29,-441.17,"Golden, Lowery and Banks",
10624896328,2019-09-02,3694.33,,"Miller, Wheeler and Hale"
10624902664,2019-09-02,4217.26,,"Irwin, Monroe and Anderson"
10624903599,2019-09-02,-4553.58,"Vazquez, Ellis and Miller",
10624903599,2019-09-02,-4553.58,"Vazquez, Ellis and Miller",
10624908207,2019-09-06,5750.59,,Matthews-Rogers
10624909590,2019-09-10,3423.6,,Monroe-King
10624916639,2019-09-10,9724.68,,Wallace-Carlson
10624918362,2019-09-12,-2268.43,Simmons-Turner,
10624925674,2019-09-12,5049.96,,"Bolton, Burns and Turner"
10624925674,2019-09-12,5049.96,,"Bolton, Burns and Turner"
10624926219,2019-09-14,-3948.9,Gonzalez-Howard,
10624928176,2019-09-18,-1892.41,Jones-Jones,
10624930895,2019-09-21,170.97,,"Thompson, Bennett and Carter"
10624938764,2019-09-25,-4992.21,Lopez-Key,
10624946457,2019-09-29,2975.48,,"Bolton, Burns and Turner"
10624949276,2019-09-29,-1802.56,Ramirez-Good,
10624958036,2019-09-30,-3046.57,Cook Inc,
10624967461,2019-10-03,5017.54,,Chan-Johnson
10624967461,2019-10-03,5017.54,,Chan-Johnson
10624970883,2019-10-03,6864.02,,Ramirez-Good
10624977801,2019-10-04,9895.19,,Carter Group
10624986009,2019-10-09,8165.57,,"Martinez, Clark and Owen"
10624993241,2019-10-09,7837.72,,Ward-Hays
10624993241,2019-10-09,7837.72,,Ward-Hays
10624999585,2019-10-14,-6865.73,"Walker, Pratt and Thomas",
10625007943,2019-10-19,7845.26,,"Williams, Campbell and Allen"
10625012648,2019-10-22,-3426.66,Alvarez Group,
10625012648,2019-10-22,-3426.66,Alvarez Group,
10625022174,2019-10-24,2492.55,,Alvarez-Davis
10625029166,2019-10-26,3610.46,,"Myers, Thornton and Hill"
10625033143,2019-10-31,1954.19,,Salazar Ltd
10625034256,2019-10-31,8886.31,,Archer-Patel
10625042422,2019-10-31,1593.79,,Alvarez Group
10625042422,2019-10-31,1593.79,,Alvarez Group
10625045468,2019-11-03,-9498.95,"Moon, Davis and Larsen",
10625045468,2019-11-03,-9498.95,"Moon, Davis and Larsen",
10625051892,2019-11-04,-1636.43,Martin-Holden,
10625053060,2019-11-05,406.33,,"Thompson, Bennett and Carter"
10625062763,2019-11-07,5017.83,,Levy Group
10625062763,2019-11-07,5017.83,,Levy Group
10625069751,2019-11-11,6529.17,,Simmons-Turner
10625078043,2019-11-13,8432.93,,Brown-Miles
10625078043,2019-11-13,8432.93,,Brown-Miles
10625080045,2019-11-13,5474.49,,"Baxter, Johnson and Savage"
10625087303,2019-11-16,-3823.51,Wilson-Robinson,
10625088130,2019-11-17,-1564.49,Chan-Johnson,
10625091244,2019-11-22,-3305.27,Woodward and Sons,
10625095535,2019-11-23,6511.42,,Lopez-Key
10625096883,2019-11-25,-199.81,"Moon, Davis and Larsen",
10625102032,2019-11-26,3025.12,,"Davis, Wilson and Banks"
10625107842,2019-11-26,-2995.05,Stewart-Allen,
10625114158,2019-12-01,-9263.62,"Barnes, Bates and Williams",
10625119776,2019-12-02,8764.5,,Perry-Garcia
10625119776,2019-12-02,8764.5,,Perry-Garcia
10625129067,2019-12-07,7280.92,,Cook Inc
10625136418,2019-12-07,8473.84,,Simmons-Turner
10625144526,2019-12-11,-8350.71,"Kent, Ferguson and Becker",
10625150018,2019-12-15,-3110.88,"Johnson, Coleman and Garcia",
10625151144,2019-12-17,-3464.05,Collins-Owens,
10625155899,2019-12-17,5880.2,,Morales Ltd
10625163204,2019-12-18,-2038.86,Carlson Group,
10625163204,2019-12-18,-2038.86,Carlson Group,
10625168693,2019-12-19,-5236.32,"Meyer, Curtis and Reed",
10625174015,2019-12-19,-1193.9,Johnson Inc,
10625180344,2019-12-21,3729.62,,Ramirez-Good
10625181548,2019-12-22,-6286.14,Sanchez Ltd,
10625190691,2019-12-23,-7543.28,Bowman-Watson,
10625199399,2019-12-26,7887.71,,Wagner LLC
10625206961,2019-12-30,-6906.91,Gray-Hutchinson,
10625215499,2019-12-31,-7413.43,"Mcdonald, Carlson and Lyons",
10625215499,2019-12-31,-7413.43,"Mcdonald, Carlson and Lyons",
10625223694,2020-01-02,5787.74,,"Harris, Lloyd and Payne"
10625233074,2020-01-06,-5011.39,Archer-Patel,
10625233074,2020-01-06,-5011.39,Archer-Patel,
10625233377,2020-01-07,-6085.59,"Anderson, Collins and Goodman",
10625233753,2020-01-11,6317.51,,Wagner LLC
10625241082,2020-01-11,2190.13,,"Barnes, Bates and Williams"
10625249353,2020-01-16,9374.12,,"Vazquez, Ellis and Miller"
10625251569,2020-01-20,371.97,,"Nguyen, Harrell and Lee"
10625257110,2020-01-20,-1658.56,Gonzalez-Howard,
10625257110,2020-01-20,-1658.56,Gonzalez-Howard,
10625259718,2020-01-21,-3849.15,Gonzalez-Howard,
10625268939,2020-01-24,-2952.03,"Munoz, Smith and Williams",
10625274755,2020-01-25,-2603.27,"Allen, Williams and White",
10625283743,2020-01-29,-9045.13,Archer-Patel,
10625283743,2020-01-29,-9045.13,Archer-Patel,
10625287861,2020-02-01,7156.78,,Wagner LLC
10625292480,2020-02-01,-7360.57,"Greer, Wilson and Davis",
10625294300,2020-02-06,-3499.15,Keller-Davies,
10625299282,2020-02-07,-2406.41,"Baxter, Johnson and Savage",
10625300547,2020-02-09,-2480.0,"Baxter, Johnson and Savage",
10625300547,2020-02-09,-2480.0,"Baxter, Johnson and Savage",
10625310273,2020-02-12,-6063.07,Sanchez Ltd,
10625310273,2020-02-12,-6063.07,Sanchez Ltd,
10625317678,2020-02-16,-2602.46,"Garcia, Hamilton and Carr",
10625317678,2020-02-16,-2602.46,"Garcia, Hamilton and Carr",
10625318724,2020-02-19,4859.41,,Brown-Miles
10625321094,2020-02-20,1013.86,,Villanueva PLC
10625323582,2020-02-22,2503.85,,"Baxter, Johnson and Savage"
10625324173,2020-02-25,-5783.54,Morales Ltd,
10625328127,2020-02-26,7548.64,,"Harris, Lloyd and Payne"
10625337020,2020-02-26,-4218.74,Ramirez-Good,
10625345149,2020-03-02,8683.86,,"Johnson, Coleman and Garcia"
10625350371,2020-03-04,7229.22,,Hernandez LLC
10625359965,2020-03-06,4925.08,,Grant-Potts
10625365803,2020-03-09,9219.45,,Alvarez Group
10625366206,2020-03-11,861.32,,"Bolton, Burns and Turner"
10625373115,2020-03-13,9307.26,,Wells-Randall
10625377452,2020-03-18,3075.69,,Mann-Kelley
10625385045,2020-03-23,-4654.17,Villanueva PLC,
10625390245,2020-03-26,-7421.54,Mcdowell Inc,
10625396515,2020-03-27,-6749.38,"West, Miller and Flores",
10625404466,2020-03-30,763.43,,Morales Ltd
10625407258,2020-03-31,3190.76,,"West, Miller and Flores"
10625407258,2020-03-31,3190.76,,"West, Miller and Flores"
10625411895,2020-04-01,4317.48,,"Baxter, Johnson and Savage"
10625412092,2020-04-06,1387.66,,"Kent, Ferguson and Becker"
10625419563,2020-04-08,9732.76,,"Chambers, Levy and Brown"
10625422657,2020-04-10,5223.81,,"Kent, Ferguson and Becker"
10625423895,2020-04-15,-596.61,Williams PLC,
10625423895,2020-04-15,-596.61,Williams PLC,
10625426618,2020-04-18,-4906.21,"Harrison, Barrera and Hudson",
10625426618,2020-04-18,-4906.21,"Harrison, Barrera and Hudson",
10625432335,2020-04-22,-6983.08,Mcdowell Inc,
10625432335,2020-04-22,-6983.08,Mcdowell Inc,
10625438757,2020-04-22,-5744.45,"Summers, Barnett and Smith",
10625438757,2020-04-22,-5744.45,"Summers, Barnett and Smith",
10625441648,2020-04-23,-3155.49,Levy Group,
10625443745,2020-04-25,4780.88,,"Kent, Ferguson and Becker"
10625443745,2020-04-25,4780.88,,"Kent, Ferguson and Becker"
10625447225,2020-04-28,6178.56,,Archer-Patel
10625455843,2020-04-28,4287.35,,"Patrick, Barrera and Collins"
10625459228,2020-04-30,4787.29,,"Kent, Ferguson and Becker"
10625460994,2020-05-02,7637.95,,"Miller, Hill and Chavez"
10625460994,2020-05-02,7637.95,,"Miller, Hill and Chavez"
10625464200,2020-05-04,-5874.35,"Vazquez, Ellis and Miller",
10625472483,2020-05-06,-2801.03,"Summers, Barnett and Smith",
10625472483,2020-05-06,-2801.03,"Summers, Barnett and Smith",
10625477958,2020-05-09,-287.26,"Munoz, Smith and Williams",
10625479517,2020-05-09,-5793.48,Carlson Group,
10625479517,2020-05-09,-5793.48,Carlson Group,
10625487305,2020-05-13,2863.73,,Miller-Salazar
10625491076,2020-05-18,-8684.8,"Chandler, Turner and Houston",
10625491592,2020-05-20,9551.91,,Woodward and Sons
10625496926,2020-05-21,-1535.22,"Nguyen, Harrell and Lee",
10625499243,2020-05-26,-2559.16,"Munoz, Smith and Williams",
10625499243,2020-05-26,-2559.16,"Munoz, Smith and Williams",
10625507319,2020-05-28,-1126.64,Sheppard-Tucker,
10625516956,2020-05-28,-2567.1,Keller-Davies,
10625524696,2020-05-28,5277.5,,"Bryan, Barnes and Hill"
10625524825,2020-05-30,-9157.31,"Thompson, Bennett and Carter",
10625526780,2020-06-04,1328.04,,"Patrick, Barrera and Collins"
10625535328,2020-06-07,-3165.67,Martinez-Wilson,
10625535328,2020-06-07,-3165.67,Martinez-Wilson,
10625543338,2020-06-07,-9988.33,"Nguyen, Harrell and Lee",
10625551349,2020-06-07,-2636.37,Martinez and Sons,
10625555876,2020-06-11,5959.46,,Wells-Randall
10625561777,2020-06-16,-5832.21,"Lawson, Simpson and Schneider",
10625561777,2020-06-16,-5832.21,"Lawson, Simpson and Schneider",
10625564789,2020-06-17,-1527.92,"Greer, Wilson and Davis",
10625566915,2020-06-18,7299.67,,Clarke-Higgins
10625572136,2020-06-21,419.72,,Chang-Fisher
10625579133,2020-06-22,4562.13,,"Browning, Williams and Curry"
10625585455,2020-06-24,4474.58,,"Davis, Wilson and Banks"
10625585455,2020-06-24,4474.58,,"Davis, Wilson and Banks"
10625589020,2020-06-26,1673.03,,"Allen, Williams and White"
10625589020,2020-06-26,1673.03,,"Allen, Williams and White"
10625598296,2020-06-29,3604.94,,Simmons-Turner
10625605556,2020-06-29,424.36,,Mann-Kelley
10625615527,2020-06-30,-2189.87,"Mcdonald, Carlson and Lyons",
10625615527,2020-06-30,-2189.87,"Mcdonald, Carlson and Lyons",
10625615602,2020-07-04,9947.1,,Grimes-Green
10625615724,2020-07-08,704.95,,Keller-Davies
10625624372,2020-07-11,4536.8,,"Johnson, Coleman and Garcia"
10625631309,2020-07-12,7588.55,,"Greer, Wilson and Davis"
10625632702,2020-07-13,-666.18,"Golden, Lowery and Banks",
10625632702,2020-07-13,-666.18,"Golden, Lowery and Banks",
10625638498,2020-07-13,9670.11,,"Martinez, Clark and Owen"
10625642823,2020-07-13,-9003.56,Wagner LLC,
10625644938,2020-07-16,9340.29,,Martinez-Wilson
10625644938,2020-07-16,9340.29,,Martinez-Wilson
10625647766,2020-07-19,1229.45,,Johnson Inc
10625656011,2020-07-24,-1090.65,Mann-Kelley,
10625656011,2020-07-24,-1090.65,Mann-Kelley,
10625656027,2020-07-28,6974.01,,Wells-Randall
10625663634,2020-07-30,2352.24,,"Vazquez, Ellis and Miller"
10625665860,2020-07-31,-9839.2,"Moore, Martin and Moreno",
10625670990,2020-08-03,-3866.06,Atkinson Ltd,
10625675387,2020-08-04,3299.37,,"Williams, Campbell and Allen"
10625678962,2020-08-05,-6295.31,Wallace-Carlson,
10625678962,2020-08-05,-6295.31,Wallace-Carlson,
10625679646,2020-08-10,9346.83,,Clarke-Higgins
10625689479,2020-08-15,-3034.06,Carter Group,
10625689479,2020-08-15,-3034.06,Carter Group,
10625695298,2020-08-16,6483.76,,Jones-Jones
10625695298,2020-08-16,6483.76,,Jones-Jones
10625704899,2020-08-17,-9322.28,Lopez-Key,
10625707248,2020-08-18,-2916.63,Martinez and Sons,
10625712105,2020-08-22,-7019.19,Cook Inc,
10625712105,2020-08-22,-7019.19,Cook Inc,
10625716353,2020-08-26,1732.56,,Wilson-Robinson
10625716991,2020-08-30,4228.34,,Chang-Fisher
10625717810,2020-09-04,-7509.67,"Walker, Pratt and Thomas",
10625718803,2020-09-08,-9663.41,"Anderson, Collins and Goodman",
10625718803,2020-09-08,-9663.41,"Anderson, Collins and Goodman",
10625728029,2020-09-10,-9041.73,"Summers, Barnett and Smith",
10625728029,2020-09-10,-9041.73,"Summers, Barnett and Smith",
10625733072,2020-09-12,7636.62,,Ramirez-Good
10625733072,2020-09-12,7636.62,,Ramirez-Good
10625737545,2020-09-16,6291.02,,"Kent, Ferguson and Becker"
10625737545,2020-09-16,6291.02,,"Kent, Ferguson and Becker"
10625740284,2020-09-16,-9180.63,Campos PLC,
10625740284,2020-09-16,-9180.63,Campos PLC,
10625741277,2020-09-16,-8743.52,Chan-Johnson,
10625750100,2020-09-21,-1865.99,Garza-Mcclain,
10625751505,2020-09-26,6178.45,,"Fischer, Baird and Lowe"
10625761161,2020-09-29,3650.04,,"Mcdonald, Carlson and Lyons"
10625766470,2020-10-02,-7873.16,Allen Ltd,
10625766640,2020-10-05,-2408.8,"Greer, Wilson and Davis",
10625773192,2020-10-07,-6718.59,Wells-Randall,
10625781851,2020-10-09,-3043.23,Rose-Freeman,
10625782071,2020-10-10,9026.7,,Lopez-Key
10625784152,2020-10-11,1954.14,,"Baxter, Johnson and Savage"
10625788885,2020-10-13,-1594.39,"Chandler, Turner and Houston",
10625792461,2020-10-13,-2564.9,Garza-Mcclain,
10625794705,2020-10-15,-1098.51,Lopez-Key,
10625794951,2020-10-17,-620.44,"Lawson, Simpson and Schneider",
10625802193,2020-10-22,-8041.53,"Lawson, Simpson and Schneider",
10625802193,2020-10-22,-8041.53,"Lawson, Simpson and Schneider",
10625803362,2020-10-25,-5292.54,Chan-Johnson,
10625810595,2020-10-30,7572.59,,Johnson Inc
10625810595,2020-10-30,7572.59,,Johnson Inc
10625817963,2020-11-03,-5.38,Sanchez Ltd,
10625817963,2020-11-03,-5.38,Sanchez Ltd,
10625823118,2020-11-08,-504.14,Gray-Hutchinson,
10625825033,2020-11-08,5400.87,,Salazar Ltd
10625827439,2020-11-08,370.69,,"Fischer, Baird and Lowe"
10625834882,2020-11-11,7574.34,,Miller-Salazar
10625836922,2020-11-15,-7351.57,Simmons-Turner,
10625839046,2020-11-18,2286.53,,"Nguyen, Harrell and Lee"
10625841053,2020-11-23,6563.44,,Hernandez LLC
10625846793,2020-11-26,7512.94,,"Summers, Barnett and Smith"
10625850733,2020-11-30,3080.31,,"Johnson, Coleman and Garcia"
10625858496,2020-12-05,235.87,,Alvarez Group
10625863658,2020-12-09,4777.7,,"Bryan, Barnes and Hill"
10625869847,2020-12-12,5295.69,,Callahan and Sons
10625873338,2020-12-14,-6788.16,Stewart-Lewis,
10625875158,2020-12-19,2928.08,,Wagner LLC
10625878856,2020-12-24,-9200.62,Williams PLC,
10625878856,2020-12-24,-9200.62,Williams PLC,
10625878957,2020-12-28,8890.58,,"Allen, Williams and White"
10625878957,2020-12-28,8890.58,,"Allen, Williams and White"
10625888792,2020-12-31,2024.28,,Morales Ltd
10625889567,2021-01-05,-921.97,"Vazquez, Ellis and Miller",
10625889567,2021-01-05,-921.97,"Vazquez, Ellis and Miller",
10625897957,2021-01-10,9863.65,,Gray-Hutchinson
10625900515,2021-01-15,-4422.16,Mcdowell Inc,
10625901499,2021-01-17,4461.93,,Callahan and Sons
10625901499,2021-01-17,4461.93,,Callahan and Sons
10625902435,2021-01-20,552.28,,Wilson-Robinson
10625902435,2021-01-20,552.28,,Wilson-Robinson
10625907491,2021-01-23,-8641.38,"Thompson, Bennett and Carter",
10625907491,2021-01-23,-8641.38,"Thompson, Bennett and Carter",
10625914823,2021-01-26,-6087.25,Bowman-Watson,
10625921262,2021-01-27,-652.48,Bell-Roberts,
10625925156,2021-01-31,7792.6,,Garza-Mcclain
10625925156,2021-01-31,7792.6,,Garza-Mcclain
10625930513,2021-02-02,8336.07,,Ward-Hays
10625940106,2021-02-06,1119.93,,"Barnes, Bates and Williams"
10625949757,2021-02-10,-5660.6,"Golden, Lowery and Banks",
10625949757,2021-02-10,-5660.6,"Golden, Lowery and Banks",
10625957725,2021-02-13,5816.41,,Hernandez LLC
10625964716,2021-02-16,-136.63,Alvarez-Davis,
10625972651,2021-02-19,1784.32,,Mcdowell Inc
10625972651,2021-02-19,1784.32,,Mcdowell Inc
10625977268,2021-02-20,-7515.67,"Miller, Wheeler and Hale",
10625982320,2021-02-20,5591.99,,Lopez-Key
10625984444,2021-02-25,3010.34,,"Garcia, Hamilton and Carr"
10625984444,2021-02-25,3010.34,,"Garcia, Hamilton and Carr"
10625992140,2021-03-02,5952.77,,Clayton-Cook
10626001032,2021-03-02,-2886.04,"Irwin, Monroe and Anderson",
10626001032,2021-03-02,-2886.04,"Irwin, Monroe and Anderson",
10626011019,2021-03-04,-3888.47,Sanchez Ltd,
10626014030,2021-03-05,-315.58,Sanchez Ltd,
10626014030,2021-03-05,-315.58,Sanchez Ltd,
10626015507,2021-03-07,5281.97,,Stewart-Allen
10626016347,2021-03-11,-1268.9,"Moon, Davis and Larsen",
10626016347,2021-03-11,-1268.9,"Moon, Davis and Larsen",
10626020769,2021-03-15,3389.63,,Miller-Salazar
10626022655,2021-03-15,4054.05,,Bell-Roberts
10626030145,2021-03-20,-3639.62,"Martinez, Clark and Owen",
10626037507,2021-03-21,-175.69,"Myers, Thornton and Hill",
10626037507,2021-03-21,-175.69,"Myers, Thornton and Hill",
10626041232,2021-03-21,9065.19,,Ward-Hays
10626047504,2021-03-22,-6653.51,Clarke-Higgins,
10626047504,2021-03-22,-6653.51,Clarke-Higgins,
10626051573,2021-03-26,198.93,,Ward-Hays
10626056909,2021-03-28,-4560.6,Bell-Roberts,
10626064730,2021-04-01,-2807.66,Carter Group,
10626068375,2021-04-06,7594.58,,Ramirez-Good
10626070906,2021-04-09,-760.08,"Nguyen, Harrell and Lee",
10626070953,2021-04-09,-8020.4,"Anderson, Collins and Goodman",
10626079399,2021-04-14,-9649.9,"Anderson, Collins and Goodman",
10626079399,2021-04-14,-9649.9,"Anderson, Collins and Goodman",
10626082158,2021-04-16,8698.78,,Alvarez Group
10626082158,2021-04-16,8698.78,,Alvarez Group
10626086350,2021-04-21,-1939.62,Mcdowell Inc,
10626095780,2021-04-23,-9538.05,Monroe-King,
10626099678,2021-04-26,-3060.62,"Patrick, Barrera and Collins",
10626100069,2021-04-27,-7519.6,"Baxter, Johnson and Savage",
10626100460,2021-05-01,-8446.5,"Thompson, Bennett and Carter",
10626106538,2021-05-01,9027.8,,Alvarez Group
10626109010,2021-05-01,-9965.72,"Golden, Lowery and Banks",
10626113317,2021-05-03,1780.96,,"Mcdonald, Carlson and Lyons"
10626119618,2021-05-06,-9800.39,"Chandler, Turner and Houston",
10626128453,2021-05-06,4871.12,,"Greer, Wilson and Davis"
10626132048,2021-05-10,-5294.94,"Miller, Wheeler and Hale",
10626132048,2021-05-10,-5294.94,"Miller, Wheeler and Hale",
10626135165,2021-05-10,-4540.51,"Bolton, Burns and Turner",
10626139987,2021-05-11,-9668.37,Collins-Owens,
10626141712,2021-05-16,9231.23,,Bell-Roberts
10626149181,2021-05-21,2932.33,,Garza-Mcclain
10626151130,2021-05-26,5372.81,,Bell-White
10626157556,2021-05-30,818.96,,"Greer, Wilson and Davis"
10626161604,2021-06-02,-7805.53,Gonzalez-Howard,
10626163813,2021-06-05,-255.06,Campos PLC,
10626163813,2021-06-05,-255.06,Campos PLC,
10626164017,2021-06-10,-6157.88,"West, Miller and Flores",
10626166505,2021-06-12,-2894.29,Stewart-Lewis,
10626171017,2021-06-12,-812.01,Bell-Roberts,
10626180755,2021-06-14,-6238.62,Clayton-Cook,
10626186522,2021-06-18,2530.54,,"Lawson, Simpson and Schneider"
10626187156,2021-06-20,6008.59,,"Mcdonald, Carlson and Lyons"
10626188811,2021-06-23,-5311.61,"Harrison, Barrera and Hudson",
10626190713,2021-06-25,-1318.35,"Johnson, Coleman and Garcia",
10626200368,2021-06-30,-9487.09,Martinez and Sons,
10626207515,2021-07-05,6980.75,,Morales Ltd
10626211286,2021-07-05,8669.71,,Allen Ltd
10626211286,2021-07-05,8669.71,,Allen Ltd
10626218369,2021-07-06,-6863.66,"Mcdonald, Carlson and Lyons",
10626225680,2021-07-08,608.04,,"Moore, Martin and Moreno"
10626225680,2021-07-08,608.04,,"Moore, Martin and Moreno"
10626234701,2021-07-13,-2153.33,"Summers, Barnett and Smith",
10626234701,2021-07-13,-2153.33,"Summers, Barnett and Smith",
10626237931,2021-07-15,-7700.03,Perry-Garcia,
10626244471,2021-07-18,2681.46,,Carter Group
10626251222,2021-07-21,6861.59,,"Allen, Williams and White"
10626252468,2021-07-22,-1962.35,Chan-Johnson,
10626261351,2021-07-27,9212.76,,Villanueva PLC
10626261351,2021-07-27,9212.76,,Villanueva PLC
10626268482,2021-07-29,-742.08,Allen Ltd,
10626268969,2021-07-30,-7903.85,"Harris, Lloyd and Payne",
10626273017,2021-07-31,9248.6,,Bell-Roberts
10626273017,2021-07-31,9248.6,,Bell-Roberts
10626274954,2021-08-01,-7788.91,"Miller, Wheeler and Hale",
10626282808,2021-08-03,8737.35,,Bell-Roberts
10626282808,2021-08-03,8737.35,,Bell-Roberts
10626286005,2021-08-03,-9804.07,Martinez-Wilson,
10626294644,2021-08-03,7330.72,,Levy Group
10626298468,2021-08-08,-36.96,"Browning, Williams and Curry",
10626300493,2021-08-08,-3434.01,"Fischer, Baird and Lowe",
10626310425,2021-08-11,-2666.92,Matthews-Rogers,
10626313663,2021-08-13,-9624.38,"Davis, Wilson and Banks",
10626318109,2021-08-13,6469.52,,"Walker, Pratt and Thomas"
10626318684,2021-08-14,-3520.36,Martinez-Wilson,
10626321594,2021-08-18,-4632.87,Faulkner-Howard,
10626327789,2021-08-21,2028.6,,Woodward and Sons
10626332259,2021-08-22,-5612.25,Grant-Potts,
10626337470,2021-08-27,-1963.34,"Barnes, Bates and Williams",
10626340618,2021-08-30,-6717.74,"Miller, Hill and Chavez",
10626340618,2021-08-30,-6717.74,"Miller, Hill and Chavez",
10626346879,2021-08-30,7728.05,,"Bryan, Barnes and Hill"
10626346879,2021-08-30,7728.05,,"Bryan, Barnes and Hill"
10626356073,2021-09-02,-9812.96,"Golden, Lowery and Banks",
10626356073,2021-09-02,-9812.96,"Golden, Lowery and Banks",
10626357581,2021-09-05,5124.86,,Ward-Hays
10626364304,2021-09-05,532.15,,"Patrick, Barrera and Collins"
10626368494,2021-09-06,2292.58,,"West, Miller and Flores"
10626371922,2021-09-11,8167.04,,Ramirez-Good
10626376976,2021-09-16,4845.29,,Carlson Group
10626376976,2021-09-16,4845.29,,Carlson Group
10626378721,2021-09-21,-8342.08,Monroe-King,
10626386977,2021-09-24,9136.54,,Salazar Ltd
10626386977,2021-09-24,9136.54,,Salazar Ltd
10626395774,2021-09-28,-3198.97,"Miller, Wheeler and Hale",
10626395774,2021-09-28,-3198.97,"Miller, Wheeler and Hale",
10626405097,2021-10-02,8125.82,,"West, Miller and Flores"
10626412475,2021-10-04,-8915.01,Martinez and Sons,
10626412475,2021-10-04,-8915.01,Martinez and Sons,
10626416879,2021-10-05,8975.59,,Grimes-Green
10626423350,2021-10-05,-9336.64,Mann-Kelley,
10626428244,2021-10-08,-4533.74,Carter Group,
10626436763,2021-10-08,-3740.46,Stewart-Allen,
10626438550,2021-10-12,8086.28,,Salazar Ltd
10626443184,2021-10-12,6750.04,,"Bryan, Barnes and Hill"
10626448861,2021-10-12,8956.15,,Lopez and Sons
10626451322,2021-10-17,5514.45,,"Vazquez, Ellis and Miller"
10626451322,2021-10-17,5514.45,,"Vazquez, Ellis and Miller"
10626460035,2021-10-22,-1257.93,"Allen, Williams and White",
10626464447,2021-10-26,3914.27,,"Martinez, Clark and Owen"
10626464447,2021-10-26,3914.27,,"Martinez, Clark and Owen"
10626466212,2021-10-30,8127.62,,Clarke-Higgins
10626466212,2021-10-30,8127.62,,Clarke-Higgins
10626475907,2021-10-31,2352.59,,Faulkner-Howard
10626485443,2021-10-31,5470.44,,Atkinson Ltd
10626486354,2021-11-05,5446.16,,Hernandez LLC
10626495082,2021-11-07,3956.11,,"Lawson, Simpson and Schneider"
10626498247,2021-11-11,8534.49,,Martinez-Wilson
10626504952,2021-11-16,6034.55,,"Lawson, Simpson and Schneider"
10626504952,2021-11-16,6034.55,,"Lawson, Simpson and Schneider"
10626508946,2021-11-18,7834.32,,Bell-Roberts
10626508946,2021-11-18,7834.32,,Bell-Roberts
10626514517,2021-11-21,4316.8,,"Chambers, Levy and Brown"
10626514517,2021-11-21,4316.8,,"Chambers, Levy and Brown"
10626517826,2021-11-21,6004.19,,"Patrick, Barrera and Collins"
10626518848,2021-11-25,-6806.87,"Chambers, Levy and Brown",
10626522269,2021-11-30,-3179.84,Jones-Jones,
10626526088,2021-12-02,1099.91,,Mann-Kelley
10626526088,2021-12-02,1099.91,,Mann-Kelley
10626530643,2021-12-02,-5990.89,"Moore, Martin and Moreno",
10626537910,2021-12-02,-4093.65,"Martinez, Clark and Owen",
10626543650,2021-12-07,-1088.32,Hernandez LLC,
10626546966,2021-12-09,-4223.18,"Thompson, Ruiz and Ortiz",
10626556298,2021-12-12,-5610.35,Atkinson Ltd,
10626556298,2021-12-12,-5610.35,Atkinson Ltd,
10626561595,2021-12-15,-408.52,"Bolton, Burns and Turner",
10626567282,2021-12-19,2439.97,,"Vazquez, Ellis and Miller"
10626576922,2021-12-22,-3148.19,Lopez-Key,
10626584452,2021-12-27,9387.91,,Johnson Inc
10626590682,2021-12-27,2692.13,,Mcdowell Inc
10626594941,2021-12-27,-7107.7,"Chambers, Levy and Brown",
10626602028,2021-12-31,-919.31,Wilson-Robinson,
10626609862,2021-12-31,9697.07,,Mann-Kelley
10626609862,2021-12-31,9697.07,,Mann-Kelley
10626619675,2022-01-05,4876.93,,"Greer, Wilson and Davis"
10626623248,2022-01-05,-2463.2,"West, Miller and Flores",
10626630508,2022-01-05,-1542.06,Wagner LLC,
10626633807,2022-01-05,-3391.17,Allen Ltd,
10626634585,2022-01-05,270.26,,"Irwin, Monroe and Anderson"
10626642715,2022-01-05,4569.7,,"Mcdonald, Carlson and Lyons"
10626644802,2022-01-10,1574.7,,Logan Ltd
10626644802,2022-01-10,1574.7,,Logan Ltd
10626654696,2022-01-10,-806.17,Hernandez LLC,
10626661059,2022-01-14,-3930.08,Martinez-Wilson,
10626669005,2022-01-19,-3889.53,"Williams, Campbell and Allen",
10626671810,2022-01-20,442.12,,"Bryan, Barnes and Hill"
10626678303,2022-01-22,729.53,,Garza-Mcclain
10626682877,2022-01-23,-8621.35,Wallace-Carlson,
10626685687,2022-01-26,-7089.38,Stewart-Lewis,
10626695293,2022-01-28,7397.94,,Wilson-Robinson
10626695293,2022-01-28,7397.94,,Wilson-Robinson
10626703563,2022-02-01,-847.12,"Summers, Barnett and Smith",
10626704790,2022-02-01,1164.04,,Martinez and Sons
10626704790,2022-02-01,1164.04,,Martinez and Sons
10626706810,2022-02-06,5206.05,,"Chambers, Levy and Brown"
10626711666,2022-02-09,-8807.67,Bell-White,
10626720188,2022-02-12,6508.28,,Grimes-Green
10626729926,2022-02-16,-3995.47,Sheppard-Tucker,
10626732533,2022-02-18,5340.99,,Mcdowell Inc
10626736454,2022-02-22,8459.4,,"Kent, Ferguson and Becker"
10626738534,2022-02-23,-7929.26,Martin-Holden,
10626738534,2022-02-23,-7929.26,Martin-Holden,
10626745372,2022-02-28,-7380.98,"Williams, Campbell and Allen",
10626747070,2022-02-28,780.03,,Collins-Owens
10626747070,2022-02-28,780.03,,Collins-Owens
10626753455,2022-03-03,-4681.18,Logan Ltd,
10626757088,2022-03-04,-4777.67,"Miller, Wheeler and Hale",
10626757088,2022-03-04,-4777.67,"Miller, Wheeler and Hale",
10626757635,2022-03-09,-9046.34,"Kent, Ferguson and Becker",
10626764351,2022-03-13,3778.06,,Atkinson Ltd
10626764548,2022-03-18,8423.92,,"Martinez, Clark and Owen"
10626768208,2022-03-23,-383.65,"Anderson, Collins and Goodman",
10626771487,2022-03-28,4449.51,,"Chambers, Levy and Brown"
10626779931,2022-03-28,-6103.55,"Thompson, Ruiz and Ortiz",
10626781331,2022-04-02,-479.93,Miller-Salazar,
10626790410,2022-04-06,-3386.94,Archer-Patel,
10626794059,2022-04-07,-1367.92,"Fischer, Baird and Lowe",
10626801984,2022-04-07,-7570.24,Archer-Patel,
10626801984,2022-04-07,-7570.24,Archer-Patel,
10626811709,2022-04-10,-9083.08,Alvarez-Davis,
10626819316,2022-04-15,7021.72,,"Patrick, Barrera and Collins"
10626828423,2022-04-18,-4437.65,Perry-Garcia,
10626834741,2022-04-22,2260.37,,"West, Miller and Flores"
10626843069,2022-04-24,333.76,,Archer-Patel
10626852447,2022-04-26,9479.87,,"Miller, Hill and Chavez"
10626859672,2022-04-26,7770.84,,Lopez and Sons
10626866623,2022-04-27,5649.05,,Chang-Fisher
10626866626,2022-04-30,-1134.97,"Williams, Campbell and Allen",
10626866626,2022-04-30,-1134.97,"Williams, Campbell and Allen",
10626875064,2022-05-03,8172.4,,"Meyer, Curtis and Reed"
10626884902,2022-05-06,-5018.97,"Baxter, Johnson and Savage",
10626884902,2022-05-06,-5018.97,"Baxter, Johnson and Savage",
10626886366,2022-05-06,-5967.8,"Harrison, Barrera and Hudson",
10626887786,2022-05-07,3585.07,,Martin-Holden
10626895057,2022-05-11,7364.98,,Hernandez LLC
10626895057,2022-05-11,7364.98,,Hernandez LLC
10626897756,2022-05-12,-1068.53,"Anderson, Collins and Goodman",
10626899839,2022-05-17,5950.39,,"Johnson, Coleman and Garcia"
10626904190,2022-05-17,-5663.39,"Johnson, Coleman and Garcia",
10626904239,2022-05-18,9119.03,,Miller-Salazar
10626906953,2022-05-21,-1494.24,"Baxter, Johnson and Savage",
10626908765,2022-05-26,-9987.48,Martin-Holden,
10626917713,2022-05-28,-796.07,Mann-Kelley,
10626926792,2022-06-01,9206.29,,"Johnson, Coleman and Garcia"
10626935560,2022-06-06,5984.03,,"Miller, Wheeler and Hale"
10626935589,2022-06-08,-8220.14,Wilson-Robinson,
10626938267,2022-06-10,-1902.16,Stewart-Allen,
10626945665,2022-06-11,-7520.83,"Golden, Lowery and Banks",
10626945665,2022-06-11,-7520.83,"Golden, Lowery and Banks",
10626949784,2022-06-16,272.14,,Sheppard-Tucker
10626949784,2022-06-16,272.14,,Sheppard-Tucker
10626956235,2022-06-19,8886.84,,"Patrick, Barrera and Collins"
10626964165,2022-06-19,7927.67,,Faulkner-Howard
10626971600,2022-06-19,-7502.9,Collins-Owens,
10626975407,2022-06-23,-536.76,Williams Ltd,
10626975407,2022-06-23,-536.76,Williams Ltd,
10626976980,2022-06-26,8321.72,,Grant-Potts
10626979208,2022-06-30,1717.0,,Johnson Inc
10626982061,2022-07-05,-930.96,Simmons-Turner,
10626988052,2022-07-07,-2540.88,Brown-Miles,
10626988908,2022-07-09,9721.54,,Alvarez-Davis
10626994036,2022-07-12,2951.33,,"Vazquez, Ellis and Miller"
10626994875,2022-07-17,4023.3,,Ramirez Inc
10626997155,2022-07-17,-2496.79,"Barnes, Bates and Williams",
10627001267,2022-07-18,-7585.67,Alvarez-Davis,
10627003862,2022-07-22,7384.53,,Wells-Randall
10627009430,2022-07-24,-8349.94,Martin-Holden,
10627009430,2022-07-24,-8349.94,Martin-Holden,
10627016463,2022-07-27,-8037.9,Sheppard-Tucker,
10627022890,2022-07-30,2683.08,,Bell-White
10627032522,2022-08-02,8106.4,,Ramirez-Good
10627040378,2022-08-07,6737.82,,"Lawson, Simpson and Schneider"
10627045521,2022-08-08,-1258.0,Wells-Randall,
10627053647,2022-08-10,-3817.16,Callahan and Sons,
10627053647,2022-08-10,-3817.16,Callahan and Sons,
10627063536,2022-08-13,-8269.61,Rose-Freeman,
10627063536,2022-08-13,-8269.61,Rose-Freeman,
10627066255,2022-08-18,153.78,,"Nguyen, Harrell and Lee"
10627073819,2022-08-20,-2163.86,Stewart-Lewis,
10627073819,2022-08-20,-2163.86,Stewart-Lewis,
10627074884,2022-08-20,-1658.05,Brown-Miles,
10627079353,2022-08-23,2876.24,,"Fischer, Baird and Lowe"
10627084193,2022-08-26,-1415.95,"Golden, Lowery and Banks",
10627084898,2022-08-31,-827.58,"Barnes, Bates and Williams",
10627088591,2022-09-03,-4791.09,"Barnes, Bates and Williams",
10627090454,2022-09-03,-9657.82,"Martinez, Clark and Owen",
10627098371,2022-09-05,-2347.28,Simmons-Turner,
10627098371,2022-09-05,-2347.28,Simmons-Turner,
10627103030,2022-09-07,-3214.22,Ramirez-Good,
10627110603,2022-09-11,189.15,,"Thompson, Bennett and Carter"
10627113837,2022-09-12,4629.53,,Campos PLC
10627122647,2022-09-13,-3201.2,Collins-Owens,
10627132337,2022-09-15,1762.17,,Miller-Salazar
10627135836,2022-09-18,1365.0,,Clayton-Cook
10627142456,2022-09-21,-3745.72,Sanchez Ltd,
10627144337,2022-09-21,5828.56,,Mcdowell Inc
10627151539,2022-09-21,-6773.62,Villanueva PLC,
10627151636,2022-09-24,-6091.2,Ramirez-Good,
10627152258,2022-09-29,-5396.83,"Thompson, Bennett and Carter",
10627159262,2022-10-02,8106.95,,"Baxter, Johnson and Savage"
10627161740,2022-10-07,4820.59,,Mann-Kelley
10627168299,2022-10-07,463.52,,Sheppard-Tucker
10627171245,2022-10-07,4119.96,,Martinez and Sons
10627177369,2022-10-11,-1897.7,Bell-Roberts,
10627177369,2022-10-11,-1897.7,Bell-Roberts,
10627182316,2022-10-15,24.22,,"Jones, Jefferson and Rivera"
10627186621,2022-10-19,3059.95,,"Munoz, Smith and Williams"
10627195816,2022-10-22,8879.76,,"Barnes, Bates and Williams"
10627197523,2022-10-27,-4080.11,"Garcia, Hamilton and Carr",
10627201198,2022-11-01,-2119.98,Carlson Group,
10627203074,2022-11-04,9273.83,,Wallace-Carlson
10627210966,2022-11-04,9169.05,,"Baxter, Johnson and Savage"
10627217312,2022-11-04,-7037.62,Lopez-Key,
10627226615,2022-11-05,6761.52,,"Walker, Pratt and Thomas"
10627227664,2022-11-08,-7406.95,Rose-Freeman,
10627227664,2022-11-08,-7406.95,Rose-Freeman,
10627233604,2022-11-08,6442.14,,Brown-Miles
10627238677,2022-11-13,9399.19,,"Walker, Pratt and Thomas"
10627238677,2022-11-13,9399.19,,"Walker, Pratt and Thomas"
10627245298,2022-11-14,-5543.89,"West, Miller and Flores",
10627254340,2022-11-15,-4646.71,Gonzalez-Howard,
10627259339,2022-11-19,-136.41,Simmons-Turner,
10627266368,2022-11-21,-8201.0,Chang-Fisher,
10627267714,2022-11-21,7683.63,,Logan Ltd
10627271943,2022-11-25,-9783.28,Bell-Roberts,
10627277287,2022-11-26,5729.04,,Callahan and Sons
10627283281,2022-12-01,4897.75,,Bell-White
10627291895,2022-12-06,-3449.16,Monroe-King,
10627297017,2022-12-09,4021.66,,"Walker, Pratt and Thomas"
10627304488,2022-12-09,-1855.73,Wagner LLC,
10627313386,2022-12-13,778.45,,Clayton-Cook
10627317426,2022-12-14,3561.2,,Chan-Johnson
10627320115,2022-12-14,-3306.29,Monroe-King,
10627322315,2022-12-18,1474.46,,"Walker, Pratt and Thomas"
10627322315,2022-12-18,1474.46,,"Walker, Pratt and Thomas"
10627325362,2022-12-22,-5397.3,"Martinez, Clark and Owen",
10627327335,2022-12-22,-7332.85,Ramirez Inc,
10627329449,2022-12-24,-4833.58,Ramirez Inc,
10627334020,2022-12-28,2602.06,,"Thompson, Ruiz and Ortiz"
10627342966,2023-01-01,-3201.64,Sheppard-Tucker,
10627351778,2023-01-04,6485.85,,Martinez and Sons
10627354624,2023-01-07,-9838.81,Grant-Potts,
10627363796,2023-01-11,5613.58,,Morales Ltd
10627367957,2023-01-14,-4972.74,Bell-Roberts,
10627367957,2023-01-14,-4972.74,Bell-Roberts,
10627368748,2023-01-15,-5470.13,Brown-Miles,
10627374214,2023-01-19,2911.9,,"Harrison, Barrera and Hudson"
10627381739,2023-01-23,243.02,,"Munoz, Smith and Williams"
10627389578,2023-01-25,8757.97,,Clarke-Higgins
10627397742,2023-01-30,-1511.06,Gray-Hutchinson,
10627403815,2023-02-02,-6127.15,"Chandler, Turner and Houston",
10627410459,2023-02-03,8060.96,,"Fischer, Baird and Lowe"
10627414433,2023-02-03,-1396.32,Alvarez-Davis,
10627418352,2023-02-03,8539.8,,Jones-Jones
10627418352,2023-02-03,8539.8,,Jones-Jones
10627425342,2023-02-05,5964.69,,Chang-Fisher
10627425342,2023-02-05,5964.69,,Chang-Fisher
10627426975,2023-02-10,-8573.86,Miller-Salazar,
10627432039,2023-02-10,-9620.83,"Fischer, Baird and Lowe",
10627437007,2023-02-12,-5926.22,Atkinson Ltd,
10627444464,2023-02-12,-1103.43,"Lawson, Simpson and Schneider",
10627450053,2023-02-13,-632.6,Williams PLC,
10627456639,2023-02-13,2974.75,,"Harrison, Barrera and Hudson"
10627456639,2023-02-13,2974.75,,"Harrison, Barrera and Hudson"
10627466255,2023-02-16,-1340.87,"Browning, Williams and Curry",
10627473607,2023-02-18,8825.68,,Keller-Davies
10627476815,2023-02-18,1604.53,,Ramirez Inc
10627482987,2023-02-22,8856.39,,Wells-Randall
10627491030,2023-02-23,9684.56,,Perry-Garcia
10627494391,2023-02-27,-7228.52,Wells-Randall,
10627499704,2023-03-04,-1461.52,"Davis, Wilson and Banks",
10627501945,2023-03-07,2117.09,,Martinez-Wilson
10627501945,2023-03-07,2117.09,,Martinez-Wilson
10627510828,2023-03-10,4476.37,,Wagner LLC
10627519631,2023-03-12,9955.46,,Callahan and Sons
10627524186,2023-03-16,-2910.08,"West, Miller and Flores",
10627532534,2023-03-18,6563.33,,"Johnson, Coleman and Garcia"
10627537154,2023-03-19,1815.29,,Woodward and Sons
10627542990,2023-03-21,-4782.73,Martinez and Sons,
10627542990,2023-03-21,-4782.73,Martinez and Sons,
10627551950,2023-03-23,6482.38,,"Harrison, Barrera and Hudson"
10627551950,2023-03-23,6482.38,,"Harrison, Barrera and Hudson"
10627556629,2023-03-25,-2819.54,"Bolton, Burns and Turner",
10627556629,2023-03-25,-2819.54,"Bolton, Burns and Turner",
10627559006,2023-03-25,-2911.2,"Miller, Hill and Chavez",
10627568195,2023-03-27,4260.53,,Johnson Inc
10627574763,2023-03-27,-1693.14,Martin-Holden,
10627584405,2023-04-01,7763.61,,Sheppard-Tucker
10627585275,2023-04-01,-3875.97,"Barnes, Bates and Williams",
10627592645,2023-04-03,-1271.73,"Miller, Wheeler and Hale",
10627592645,2023-04-03,-1271.73,"Miller, Wheeler and Hale",
10627597173,2023-04-04,1511.73,,Allen Ltd
10627597725,2023-04-04,-8611.29,Grant-Potts,
10627604190,2023-04-08,6844.75,,Miller-Salazar
10627610387,2023-04-12,-9941.14,"Barnes, Bates and Williams",
10627610387,2023-04-12,-9941.14,"Barnes, Bates and Williams",
10627612258,2023-04-12,539.41,,"Walker, Pratt and Thomas"
10627618109,2023-04-15,7389.51,,Martinez and Sons
10627618109,2023-04-15,7389.51,,Martinez and Sons
10627623703,2023-04-18,2010.93,,"Nguyen, Harrell and Lee"
10627623703,2023-04-18,2010.93,,"Nguyen, Harrell and Lee"
10627629709,2023-04-20,-1793.46,Atkinson Ltd,
10627636787,2023-04-22,-4716.81,Wells-Randall,
10627643538,2023-04-27,-1818.16,"Allen, Williams and White",
10627644952,2023-04-29,7408.22,,"Moon, Davis and Larsen"
10627647749,2023-05-01,-2056.38,Clarke-Higgins,
10627657487,2023-05-03,6331.06,,Sanchez Ltd
10627657487,2023-05-03,6331.06,,Sanchez Ltd
10627661298,2023-05-06,4969.21,,"Munoz, Smith and Williams"
10627665224,2023-05-10,2109.46,,"Miller, Hill and Chavez"
10627670008,2023-05-14,47.35,,Sanchez Ltd
10627670008,2023-05-14,47.35,,Sanchez Ltd
10627676142,2023-05-17,5754.32,,Martin-Holden
10627684754,2023-05-17,-5717.61,Morales Ltd,
10627694383,2023-05-19,-718.81,"Garcia, Hamilton and Carr",
10627699153,2023-05-24,6553.15,,Simmons-Turner
10627705667,2023-05-25,-4366.26,"Bolton, Burns and Turner",
10627715518,2023-05-25,3246.88,,"Mcdonald, Carlson and Lyons"
10627720046,2023-05-27,-2651.59,"Harris, Lloyd and Payne",
10627728010,2023-05-28,-5630.46,Mann-Kelley,
10627734188,2023-05-31,3614.42,,"Nguyen, Harrell and Lee"
10627734188,2023-05-31,3614.42,,"Nguyen, Harrell and Lee"
10627736570,2023-06-02,-4418.24,Campos PLC,
10627744695,2023-06-05,-529.77,"Vazquez, Ellis and Miller",
10627744987,2023-06-07,899.6,,Hernandez LLC
10627744987,2023-06-07,899.6,,Hernandez LLC
10627753401,2023-06-12,4982.54,,Chang-Fisher
10627756205,2023-06-13,1043.24,,"Mcdonald, Carlson and Lyons"
10627762812,2023-06-18,-3357.56,Williams PLC,
10627762812,2023-06-18,-3357.56,Williams PLC,
10627768479,2023-06-21,1226.34,,"Moore, Martin and Moreno"
10627768479,2023-06-21,1226.34,,"Moore, Martin and Moreno"
10627775811,2023-06-25,-2575.97,"Browning, Williams and Curry",
10627778337,2023-06-29,-2015.49,Williams PLC,
10627778887,2023-07-03,8315.32,,"Irwin, Monroe and Anderson"
10627783067,2023-07-08,-4811.0,Bell-Roberts,
10627785742,2023-07-11,6535.49,,Wagner LLC
10627789160,2023-07-14,1574.57,,Clayton-Cook
10627789160,2023-07-14,1574.57,,Clayton-Cook
10627789677,2023-07-14,6736.69,,"Harrison, Barrera and Hudson"
10627798979,2023-07-15,300.92,,Johnson Inc
10627802657,2023-07-18,-5050.97,"Davis, Wilson and Banks",
10627811385,2023-07-21,7919.27,,Sanchez Ltd
10627817833,2023-07-25,-1306.6,Wallace-Carlson,
10627823327,2023-07-26,-5451.91,Cook Inc,
10627828465,2023-07-27,9231.96,,Archer-Patel
10627836306,2023-07-28,-3432.51,Garza-Mcclain,
10627837822,2023-08-01,9102.81,,Gray-Hutchinson
10627847748,2023-08-01,-6067.5,"Chambers, Levy and Brown",
10627852327,2023-08-02,-910.69,Miller-Salazar,
10627860034,2023-08-03,1908.16,,"Miller, Hill and Chavez"
10627865830,2023-08-05,1944.66,,Williams PLC
10627865830,2023-08-05,1944.66,,Williams PLC
10627865935,2023-08-08,-5064.86,Chang-Fisher,
10627866550,2023-08-13,-1708.1,Clarke-Higgins,
10627867251,2023-08-16,-8812.76,"Chambers, Levy and Brown",
10627867251,2023-08-16,-8812.76,"Chambers, Levy and Brown",
10627877052,2023-08-20,3927.61,,Levy Group
10627877052,2023-08-20,3927.61,,Levy Group
10627878272,2023-08-25,8722.27,,"Kent, Ferguson and Becker"
10627882337,2023-08-26,1846.97,,"Jones, Jefferson and Rivera"
10627883066,2023-08-30,-3949.13,Alvarez-Davis,
10627883066,2023-08-30,-3949.13,Alvarez-Davis,
10627887520,2023-09-02,-1530.66,Archer-Patel,
10627889884,2023-09-04,467.01,,"Johnson, Coleman and Garcia"
10627891135,2023-09-04,-7982.24,"Golden, Lowery and Banks",
10627891135,2023-09-04,-7982.24,"Golden, Lowery and Banks",
10627898731,2023-09-05,2294.24,,Simmons-Turner
10627898970,2023-09-10,3199.53,,Woodward and Sons
10627904382,2023-09-12,8534.82,,Miller-Salazar
10627910042,2023-09-12,-3948.89,"West, Miller and Flores",
10627911422,2023-09-16,4982.39,,Levy Group
10627914095,2023-09-16,8249.96,,Wagner LLC
10627914095,2023-09-16,8249.96,,Wagner LLC
10627923185,2023-09-18,2118.65,,Collins-Owens
10627924624,2023-09-21,1108.23,,Williams Ltd
10627933795,2023-09-24,-3280.97,"Chandler, Turner and Houston",
10627934500,2023-09-27,-2096.84,Wilson-Robinson,
10627937000,2023-09-27,5901.78,,Grant-Potts
10627946900,2023-10-02,3742.74,,Williams PLC
10627951216,2023-10-02,3086.48,,Woodward and Sons
10627952443,2023-10-02,-4041.25,Matthews-Rogers,
10627958992,2023-10-07,5694.09,,Wallace-Carlson
10627958992,2023-10-07,5694.09,,Wallace-Carlson
10627965615,2023-10-10,-2820.32,Alvarez Group,
10627966882,2023-10-11,-3763.45,"Irwin, Monroe and Anderson",
10627974903,2023-10-15,5717.85,,"Harris, Lloyd and Payne"
10627974903,2023-10-15,5717.85,,"Harris, Lloyd and Payne"
10627978092,2023-10-18,4892.99,,Keller-Davies
10627978092,2023-10-18,4892.99,,Keller-Davies
10627979615,2023-10-21,2696.53,,Grant-Potts
10627987835,2023-10-24,5700.64,,Johnson Inc
10627988194,2023-10-24,1221.57,,"Thompson, Ruiz and Ortiz"
10627995375,2023-10-24,-6760.05,"Browning, Williams and Curry",
10628002120,2023-10-28,6978.22,,"Bryan, Barnes and Hill"
10628003369,2023-10-28,-2345.43,Bowman-Watson,
10628007473,2023-11-02,-7272.26,Brown-Miles,
10628012044,2023-11-06,-5946.02,Atkinson Ltd,
10628012044,2023-11-06,-5946.02,Atkinson Ltd,
10628018600,2023-11-11,8607.25,,Chang-Fisher
10628018600,2023-11-11,8607.25,,Chang-Fisher
10628021315,2023-11-11,-8960.71,Sanchez Ltd,
10628023790,2023-11-16,2923.3,,Gonzalez-Howard
10628033112,2023-11-18,7329.89,,"Munoz, Smith and Williams"
10628037994,2023-11-23,3694.3,,"Meyer, Curtis and Reed"
10628042449,2023-11-27,2429.92,,Stewart-Allen
10628042449,2023-11-27,2429.92,,Stewart-Allen
10628045200,2023-12-02,-4521.02,Martinez and Sons,
10628054789,2023-12-07,640.04,,"Davis, Wilson and Banks"
10628060946,2023-12-07,-9207.43,"Kent, Ferguson and Becker",
10628067117,2023-12-09,1933.74,,Rose-Freeman
10628068430,2023-12-14,9058.8,,"Garcia, Hamilton and Carr"
10628076278,2023-12-14,-9863.44,"Chandler, Turner and Houston",
10628081063,2023-12-18,-2979.24,Archer-Patel,
10628087933,2023-12-18,-4515.19,"Munoz, Smith and Williams",
10628095342,2023-12-20,-5487.22,Bowman-Watson,
10628095521,2023-12-21,-2875.26,Johnson Inc,
10628104350,2023-12-21,-3815.79,Callahan and Sons,
10628104350,2023-12-21,-3815.79,Callahan and Sons,
10628112791,2023-12-25,-3840.68,"Miller, Hill and Chavez",
10628112791,2023-12-25,-3840.68,"Miller, Hill and Chavez",
10628118584,2023-12-25,9783.87,,Sheppard-Tucker
10628119098,2023-12-30,4924.43,,Ramirez-Good
10628119729,2024-01-03,-5095.68,Wilson-Robinson,
10628128374,2024-01-04,-9008.29,Gonzalez-Howard,
10628128374,2024-01-04,-9008.29,Gonzalez-Howard,
10628135959,2024-01-09,-3642.85,"Myers, Thornton and Hill",
10628135959,2024-01-09,-3642.85,"Myers, Thornton and Hill",
10628145072,2024-01-14,5085.69,,Sanchez Ltd
10628147692,2024-01-18,4099.36,,"Patrick, Barrera and Collins"
10628149487,2024-01-21,-3552.66,Brown-Miles,
10628155646,2024-01-25,-671.74,"Irwin, Monroe and Anderson",
10628163962,2024-01-28,-1325.67,Bell-Roberts,
10628164134,2024-01-28,977.69,,Wells-Randall
10628173131,2024-01-29,-3650.02,Wilson-Robinson,
10628182937,2024-01-29,6883.38,,"Harris, Lloyd and Payne"
10628184029,2024-01-30,-9212.15,"Chambers, Levy and Brown",
10628187963,2024-01-30,1990.38,,"Anderson, Collins and Goodman"
10628191317,2024-01-30,1348.4,,Mann-Kelley
10628194331,2024-02-03,-6322.54,Sheppard-Tucker,
10628200362,2024-02-03,-8049.46,Williams Ltd,
10628204362,2024-02-08,3948.23,,"Thompson, Ruiz and Ortiz"
10628211055,2024-02-09,-9053.05,"Harrison, Barrera and Hudson",
10628211499,2024-02-09,-7624.48,"Greer, Wilson and Davis",
10628218040,2024-02-14,2259.31,,"Johnson, Coleman and Garcia"
10628220894,2024-02-16,-3799.3,Wilson-Robinson,
10628220894,2024-02-16,-3799.3,Wilson-Robinson,
10628227850,2024-02-18,-4746.39,Hernandez LLC,
10628228091,2024-02-20,-6387.57,"Nguyen, Harrell and Lee",
10628228245,2024-02-24,-8241.54,Callahan and Sons,
10628236161,2024-02-26,-5104.93,Ramirez Inc,
10628236726,2024-02-29,-7876.5,"Anderson, Collins and Goodman",
10628243876,2024-02-29,-4624.05,Perry-Garcia,
10628245484,2024-03-04,2589.06,,"West, Miller and Flores"
10628246657,2024-03-04,8205.72,,Clarke-Higgins
10628249040,2024-03-09,233.98,,Brown-Miles
10628254951,2024-03-11,-824.29,Ramirez Inc,
10628254951,2024-03-11,-824.29,Ramirez Inc,
10628258620,2024-03-16,4043.73,,Wilson-Robinson
10628266172,2024-03-17,-8689.89,Lopez-Key,
10628266172,2024-03-17,-8689.89,Lopez-Key,
10628272126,2024-03-18,-3920.36,Levy Group,
10628272126,2024-03-18,-3920.36,Levy Group,
10628274062,2024-03-22,6724.4,,Jones-Jones
10628277011,2024-03-26,-7441.86,"Moore, Martin and Moreno",
10628282627,2024-03-26,1230.7,,Simmons-Turner
10628282627,2024-03-26,1230.7,,Simmons-Turner
10628285520,2024-03-26,3725.72,,Alvarez-Davis
10628285520,2024-03-26,3725.72,,Alvarez-Davis
10628295336,2024-03-28,8458.28,,Miller-Salazar
10628305158,2024-03-29,6867.52,,"Summers, Barnett and Smith"
10628309595,2024-04-03,-1095.8,"Thompson, Bennett and Carter",
10628314613,2024-04-07,-7213.77,Cook Inc,
10628318333,2024-04-10,6074.41,,Carter Group
10628318333,2024-04-10,6074.41,,Carter Group
10628321458,2024-04-12,-6056.66,Bell-Roberts,
10628324744,2024-04-13,5676.52,,Wells-Randall
10628325859,2024-04-13,-3484.76,Wells-Randall,
10628333760,2024-04-13,9708.0,,"Nguyen, Harrell and Lee"
10628333760,2024-04-13,9708.0,,"Nguyen, Harrell and Lee"
10628341228,2024-04-16,1698.09,,"Moore, Martin and Moreno"
10628341228,2024-04-16,1698.09,,"Moore, Martin and Moreno"
10628349369,2024-04-19,9844.3,,"Vazquez, Ellis and Miller"
10628353693,2024-04-24,8753.65,,"Bryan, Barnes and Hill"
10628353693,2024-04-24,8753.65,,"Bryan, Barnes and Hill"
10628360581,2024-04-29,226.25,,Ramirez Inc
10628360581,2024-04-29,226.25,,Ramirez Inc
10628369382,2024-05-01,1045.87,,"Browning, Williams and Curry"
10628371359,2024-05-05,8341.38,,Salazar Ltd
10628378293,2024-05-06,-6407.03,Mcdowell Inc,
10628378576,2024-05-09,518.47,,Perry-Garcia
10628387935,2024-05-12,-8381.76,"Browning, Williams and Curry",
10628392126,2024-05-16,-1198.39,Keller-Davies,
10628392126,2024-05-16,-1198.39,Keller-Davies,
10628395655,2024-05-21,-2366.0,"Moon, Davis and Larsen",
10628395655,2024-05-21,-2366.0,"Moon, Davis and Larsen",
10628401010,2024-05-24,7420.98,,Stewart-Lewis
10628403505,2024-05-26,-8401.38,"Irwin, Monroe and Anderson",
10628409075,2024-05-28,2083.76,,Bell-Roberts
10628411142,2024-06-01,-7837.39,Matthews-Rogers,
10628415163,2024-06-04,6655.67,,"Jones, Jefferson and Rivera"
10628416718,2024-06-08,-9901.19,Sanchez Ltd,
10628416718,2024-06-08,-9901.19,Sanchez Ltd,
10628419223,2024-06-08,5875.58,,"Anderson, Collins and Goodman"
10628428555,2024-06-09,6101.43,,"Barnes, Bates and Williams"
10628429065,2024-06-09,-2488.41,Perry-Garcia,
10628434764,2024-06-13,8248.9,,Sheppard-Tucker
10628441857,2024-06-13,-135.98,"Miller, Wheeler and Hale",
10628450774,2024-06-13,-7202.84,"Kent, Ferguson and Becker",
10628450774,2024-06-13,-7202.84,"Kent, Ferguson and Becker",
10628458537,2024-06-18,9718.69,,Callahan and Sons
10628459502,2024-06-22,5291.35,,"Walker, Pratt and Thomas"
10628462899,2024-06-27,-4420.96,Mcdowell Inc,
10628468388,2024-06-28,669.44,,"Greer, Wilson and Davis"
10628469529,2024-07-01,8489.52,,Hernandez LLC
10628471391,2024-07-04,-3868.17,Chang-Fisher,
10628473220,2024-07-09,-7107.81,Cook Inc,
10628473220,2024-07-09,-7107.81,Cook Inc,
10628482113,2024-07-14,1883.02,,Carlson Group
10628487324,2024-07-15,4945.21,,Morales Ltd
10628496726,2024-07-18,4744.83,,Bowman-Watson
10628504535,2024-07-21,7442.56,,Clarke-Higgins
10628509251,2024-07-25,4676.01,,"Irwin, Monroe and Anderson"
10628517059,2024-07-30,7096.14,,Bell-White
10628519845,2024-07-31,-8919.93,Ward-Hays,
10628519845,2024-07-31,-8919.93,Ward-Hays,
10628523451,2024-07-31,2007.22,,Perry-Garcia
10628531481,2024-08-05,885.24,,Cook Inc
10628531481,2024-08-05,885.24,,Cook Inc
10628534347,2024-08-08,-4754.86,Wallace-Carlson,
10628537115,2024-08-13,5383.84,,Perry-Garcia
10628537486,2024-08-15,4177.55,,"West, Miller and Flores"
10628544557,2024-08-15,2569.09,,Rose-Freeman
10628549374,2024-08-19,-1070.51,Morales Ltd,
10628559077,2024-08-23,-2577.77,Grimes-Green,
10628559077,2024-08-23,-2577.77,Grimes-Green,
10628562313,2024-08-26,9458.52,,Clayton-Cook
10628563936,2024-08-27,2031.72,,Morales Ltd
10628563936,2024-08-27,2031.72,,Morales Ltd
10628572817,2024-08-31,-9118.04,Archer-Patel,
10628572817,2024-08-31,-9118.04,Archer-Patel,
10628576216,2024-09-03,-7849.47,Clarke-Higgins,
10628582857,2024-09-04,-4293.63,Grimes-Green,
10628586163,2024-09-04,8964.05,,"Golden, Lowery and Banks"
10628595967,2024-09-04,-5196.86,Martinez-Wilson,
10628602887,2024-09-07,6852.59,,Lopez-Key
10628607426,2024-09-12,2688.53,,Stewart-Allen
10628607426,2024-09-12,2688.53,,Stewart-Allen
10628608438,2024-09-16,-279.3,Keller-Davies,
10628617472,2024-09-17,-1286.52,Collins-Owens,
10628619518,2024-09-22,3944.5,,Stewart-Lewis
10628623691,2024-09-27,-4605.7,Ramirez Inc,
10628625914,2024-10-02,-8931.48,"Kent, Ferguson and Becker",
10628627697,2024-10-03,-476.76,Rose-Freeman,
10628627697,2024-10-03,-476.76,Rose-Freeman,
10628634396,2024-10-03,-7532.35,Gonzalez-Howard,
10628636964,2024-10-08,-3314.69,Clayton-Cook,
10628642306,2024-10-09,7007.65,,Chan-Johnson
10628643890,2024-10-09,9340.24,,"Garcia, Hamilton and Carr"
10628652087,2024-10-12,-7805.17,"Thompson, Ruiz and Ortiz",
10628654893,2024-10-14,9751.29,,Stewart-Lewis
10628663315,2024-10-17,-3039.49,Bowman-Watson,
10628663315,2024-10-17,-3039.49,Bowman-Watson,
10628669047,2024-10-19,783.18,,"Fischer, Baird and Lowe"
10628674799,2024-10-19,-609.41,Miller-Salazar,
10628675324,2024-10-19,8604.62,,Gonzalez-Howard
10628675324,2024-10-19,8604.62,,Gonzalez-Howard
10628676229,2024-10-22,-7171.07,Rose-Freeman,
10628678454,2024-10-25,2065.11,,"Barnes, Bates and Williams"
10628686353,2024-10-27,8987.16,,"Mcdonald, Carlson and Lyons"
10628693456,2024-10-27,3460.97,,Wagner LLC
10628693456,2024-10-27,3460.97,,Wagner LLC
10628697381,2024-11-01,4336.79,,"Fischer, Baird and Lowe"
10628697381,2024-11-01,4336.79,,"Fischer, Baird and Lowe"
10628700174,2024-11-06,-7173.26,Bell-Roberts,
10628709369,2024-11-09,613.61,,"Golden, Lowery and Banks"
10628709573,2024-11-10,6356.94,,Ramirez-Good
10628710862,2024-11-11,-8256.24,"Garcia, Hamilton and Carr",
10628716176,2024-11-12,-9648.68,"Chambers, Levy and Brown",
10628716176,2024-11-12,-9648.68,"Chambers, Levy and Brown",
10628717768,2024-11-12,2895.05,,"West, Miller and Flores"
10628718451,2024-11-15,-9392.31,"Myers, Thornton and Hill",
10628718451,2024-11-15,-9392.31,"Myers, Thornton and Hill",
10628728013,2024-11-16,5021.21,,"Myers, Thornton and Hill"
10628733675,2024-11-17,103.84,,Stewart-Lewis
10628741976,2024-11-17,6753.74,,Atkinson Ltd
10628742203,2024-11-19,1304.26,,"Summers, Barnett and Smith"
10628742203,2024-11-19,1304.26,,"Summers, Barnett and Smith"
10628742944,2024-11-24,3382.17,,Mcdowell Inc
10628748118,2024-11-25,-9864.29,"West, Miller and Flores",
10628753730,2024-11-30,4878.36,,Morales Ltd
10628753730,2024-11-30,4878.36,,Morales Ltd
10628753861,2024-12-02,-2002.28,Clarke-Higgins,
10628759372,2024-12-04,-1680.92,Mann-Kelley,
10628768580,2024-12-06,-782.22,Campos PLC,
10628770859,2024-12-11,9845.57,,"Browning, Williams and Curry"
10628770859,2024-12-11,9845.57,,"Browning, Williams and Curry"
10628773197,2024-12-15,5968.73,,"Baxter, Johnson and Savage"
10628774616,2024-12-20,4336.43,,Grant-Potts
10628777203,2024-12-21,-2589.62,Bell-Roberts,
10628781664,2024-12-24,-4626.3,Wells-Randall,
10628781664,2024-12-24,-4626.3,Wells-Randall,
10628790521,2024-12-29,-9932.49,Mcdowell Inc,
10628790521,2024-12-29,-9932.49,Mcdowell Inc,
10628797964,2025-01-03,-2882.34,"Golden, Lowery and Banks",
10628802389,2025-01-08,-9995.21,"Garcia, Hamilton and Carr",
10628806786,2025-01-09,-9158.53,Levy Group,
10628813752,2025-01-12,2124.83,,Alvarez Group
10628822941,2025-01-16,6403.11,,Woodward and Sons
10628822941,2025-01-16,6403.11,,Woodward and Sons
10628827201,2025-01-16,-4171.85,"Chandler, Turner and Houston",
10628827201,2025-01-16,-4171.85,"Chandler, Turner and Houston",
10628837053,2025-01-19,-497.64,Garza-Mcclain,
10628846636,2025-01-24,-9712.57,"Greer, Wilson and Davis",
10628847636,2025-01-28,-6024.42,"Lawson, Simpson and Schneider",
10628851467,2025-02-01,-1307.98,Grant-Potts,
10628860547,2025-02-05,374.28,,Collins-Owens
10628867280,2025-02-10,-1464.87,Grant-Potts,
10628875756,2025-02-10,-2283.44,Wallace-Carlson,
10628878986,2025-02-10,-4741.51,Archer-Patel,
10628886148,2025-02-12,9193.38,,"Miller, Wheeler and Hale"
10628892559,2025-02-12,606.33,,"Walker, Pratt and Thomas"
10628898329,2025-02-12,8046.39,,"Anderson, Collins and Goodman"
10628902469,2025-02-16,-2037.75,"Browning, Williams and Curry",
10628904232,2025-02-21,7435.64,,"Baxter, Johnson and Savage"
10628911054,2025-02-21,2051.88,,Clayton-Cook
10628911054,2025-02-21,2051.88,,Clayton-Cook
10628911559,2025-02-25,-7953.71,Atkinson Ltd,
10628918611,2025-02-28,-1553.22,Mcdowell Inc,
10628919794,2025-03-03,6998.9,,"Miller, Hill and Chavez"
10628929148,2025-03-05,6023.56,,Lopez and Sons
10628929148,2025-03-05,6023.56,,Lopez and Sons
10628935852,2025-03-08,-7352.49,"Moore, Martin and Moreno",
10628945484,2025-03-11,5137.46,,"Kent, Ferguson and Becker"
10628950084,2025-03-11,-9130.6,Rose-Freeman,
10628951879,2025-03-15,8651.23,,Chan-Johnson
10628953919,2025-03-16,-3685.54,"Thompson, Ruiz and Ortiz",
10628960837,2025-03-17,-3096.98,Lopez and Sons,
10628962327,2025-03-19,-4422.92,"Meyer, Curtis and Reed",
10628964058,2025-03-21,-9952.31,Stewart-Allen,
10628971103,2025-03-24,3909.54,,Williams Ltd
10628974297,2025-03-25,-1359.76,"Myers, Thornton and Hill",
10628977839,2025-03-29,-504.32,"Bryan, Barnes and Hill",
10628984270,2025-04-03,2359.44,,Sanchez Ltd
10628985215,2025-04-07,-3309.66,"Vazquez, Ellis and Miller",
10628990302,2025-04-07,-9234.04,"Davis, Wilson and Banks",
10628999066,2025-04-10,-4313.83,"Fischer, Baird and Lowe",
10629004172,2025-04-14,-7750.24,Carlson Group,
10629006860,2025-04-18,-8441.03,Collins-Owens,
10629009715,2025-04-23,9676.27,,Wagner LLC
10629009715,2025-04-23,9676.27,,Wagner LLC
10629009785,2025-04-26,-9296.38,"Harris, Lloyd and Payne",
10629009838,2025-04-27,-3724.63,Woodward and Sons,
10629011102,2025-04-27,4463.05,,Wilson-Robinson
10629011102,2025-04-27,4463.05,,Wilson-Robinson
10629013994,2025-04-30,-8392.95,Grant-Potts,
10629015254,2025-05-04,-5478.4,"Summers, Barnett and Smith",
10629021835,2025-05-04,6448.02,,Villanueva PLC
10629023527,2025-05-09,3237.86,,Martin-Holden
10629030205,2025-05-13,-2221.28,Ramirez-Good,
10629030205,2025-05-13,-2221.28,Ramirez-Good,
10629030249,2025-05-16,-9440.83,Hernandez LLC,
10629036800,2025-05-21,8354.08,,"Golden, Lowery and Banks"
10629044295,2025-05-23,-1324.28,"Nguyen, Harrell and Lee",
10629049997,2025-05-23,8130.84,,"Baxter, Johnson and Savage"
10629053989,2025-05-27,-8601.78,Atkinson Ltd,
10629062428,2025-05-29,8569.16,,Allen Ltd
10629070367,2025-06-02,-3650.72,Wells-Randall,
10629076324,2025-06-02,6505.91,,"Lawson, Simpson and Schneider"
10629078354,2025-06-05,-2072.0,"Jones, Jefferson and Rivera",
10629078587,2025-06-07,-1571.87,"Mcdonald, Carlson and Lyons",
10629082942,2025-06-09,-1183.78,"Browning, Williams and Curry",
10629082942,2025-06-09,-1183.78,"Browning, Williams and Curry",
10629084969,2025-06-09,-708.98,Stewart-Allen,
10629091247,2025-06-10,8211.69,,Chang-Fisher
10629091247,2025-06-10,8211.69,,Chang-Fisher
10629095437,2025-06-14,-7308.86,"Harrison, Barrera and Hudson",
10629096945,2025-06-19,9063.52,,"Nguyen, Harrell and Lee"
10629102578,2025-06-23,5694.23,,"Chandler, Turner and Houston"
10629102578,2025-06-23,5694.23,,"Chandler, Turner and Houston"
10629109982,2025-06-25,170.68,,Matthews-Rogers
10629109982,2025-06-25,170.68,,Matthews-Rogers
10629114940,2025-06-30,4442.71,,Simmons-Turner
10629114940,2025-06-30,4442.71,,Simmons-Turner
10629122312,2025-06-30,-9684.06,Bowman-Watson,
10629122312,2025-06-30,-9684.06,Bowman-Watson,
10629123994,2025-07-01,7525.38,,"Fischer, Baird and Lowe"
10629126368,2025-07-06,-4939.27,"Barnes, Bates and Williams",
10629129468,2025-07-08,7852.83,,"Moon, Davis and Larsen"
10629134362,2025-07-09,4417.3,,Martin-Holden
10629143081,2025-07-12,481.46,,Sheppard-Tucker
10629143081,2025-07-12,481.46,,Sheppard-Tucker
10629146736,2025-07-15,6467.26,,"Fischer, Baird and Lowe"
10629150906,2025-07-20,-1022.69,"Fischer, Baird and Lowe",
10629156675,2025-07-24,2581.5,,Villanueva PLC
10629161672,2025-07-24,3671.75,,Simmons-Turner
10629165530,2025-07-29,-3945.15,"Anderson, Collins and Goodman",
10629168156,2025-08-03,2841.25,,"Kent, Ferguson and Becker"
10629175043,2025-08-06,-1063.87,Martin-Holden,
10629183125,2025-08-06,7770.74,,Chan-Johnson
10629185792,2025-08-10,-1374.59,"Walker, Pratt and Thomas",
10629190921,2025-08-13,3090.03,,Carter Group
10629193332,2025-08-16,-4734.22,Clarke-Higgins,
10629197833,2025-08-20,-3753.67,"Munoz, Smith and Williams",
10629202654,2025-08-20,-5150.93,Grimes-Green,
10629202654,2025-08-20,-5150.93,Grimes-Green,
10629208642,2025-08-21,8696.27,,"Myers, Thornton and Hill"
10629208642,2025-08-21,8696.27,,"Myers, Thornton and Hill"
10629211158,2025-08-22,-3239.68,Archer-Patel,
10629214370,2025-08-25,-7896.99,"Johnson, Coleman and Garcia",
10629218555,2025-08-28,7651.91,,"Thompson, Ruiz and Ortiz"
10629225875,2025-08-28,-2923.33,Lopez-Key,
10629226978,2025-08-28,6697.06,,Matthews-Rogers
10629235554,2025-09-02,3362.15,,"Thompson, Bennett and Carter"
10629235554,2025-09-02,3362.15,,"Thompson, Bennett and Carter"
10629240391,2025-09-02,-4233.62,Matthews-Rogers,
10629243781,2025-09-04,-7619.57,Atkinson Ltd,
10629252039,2025-09-04,-8360.91,"Chambers, Levy and Brown",
10629258318,2025-09-09,7215.85,,Jones-Jones
10629258318,2025-09-09,7215.85,,Jones-Jones
10629260351,2025-09-13,5898.23,,"Garcia, Hamilton and Carr"
10629261882,2025-09-13,7172.16,,Grant-Potts
10629261882,2025-09-13,7172.16,,Grant-Potts
10629269705,2025-09-18,-7760.95,Williams PLC,
10629271171,2025-09-21,-2686.76,Martinez-Wilson,
10629278822,2025-09-25,9231.09,,"West, Miller and Flores"
10629279419,2025-09-25,-9509.49,"West, Miller and Flores",
10629281509,2025-09-27,3095.76,,Garza-Mcclain
10629284448,2025-09-28,1133.62,,"Barnes, Bates and Williams"
10629291814,2025-10-03,-852.83,"West, Miller and Flores",
10629298163,2025-10-04,-7414.21,Campos PLC,
10629306281,2025-10-05,-3758.03,Logan Ltd,
10629314210,2025-10-08,-8814.06,Martinez-Wilson,
10629314210,2025-10-08,-8814.06,Martinez-Wilson,
10629320608,2025-10-13,7360.6,,"Davis, Wilson and Banks"
10629320612,2025-10-13,-3071.09,Brown-Miles,
10629330612,2025-10-16,-6865.32,Monroe-King,
10629340399,2025-10-21,-265.55,Archer-Patel,
10629340399,2025-10-21,-265.55,Archer-Patel,
10629346416,2025-10-24,-8107.29,"Fischer, Baird and Lowe",
10629346416,2025-10-24,-8107.29,"Fischer, Baird and Lowe",
10629350792,2025-10-28,-2599.49,Chang-Fisher,
10629350792,2025-10-28,-2599.49,Chang-Fisher,
10629355628,2025-11-02,9681.38,,Logan Ltd
10629360294,2025-11-04,-8989.86,Alvarez Group,
10629367271,2025-11-04,9165.47,,Alvarez-Davis
10629368823,2025-11-05,5676.5,,Stewart-Allen
10629368823,2025-11-05,5676.5,,Stewart-Allen
10629374639,2025-11-10,8805.17,,Logan Ltd
10629374639,2025-11-10,8805.17,,Logan Ltd
10629382479,2025-11-10,-3844.78,"Browning, Williams and Curry",
10629392238,2025-11-12,9463.75,,"Summers, Barnett and Smith"
10629392739,2025-11-12,-530.11,"Davis, Wilson and Banks",
10629399154,2025-11-17,9102.45,,Callahan and Sons
10629407898,2025-11-20,2200.31,,Grant-Potts
10629412230,2025-11-20,607.43,,Woodward and Sons
10629416564,2025-11-22,-4368.73,Gonzalez-Howard,
10629420518,2025-11-26,-5795.67,Logan Ltd,
10629427234,2025-11-27,6582.29,,Clayton-Cook
10629431537,2025-11-30,7560.01,,Grant-Potts
10629441435,2025-12-04,-3979.53,Sheppard-Tucker,
10629441435,2025-12-04,-3979.53,Sheppard-Tucker,
10629451327,2025-12-05,5160.43,,Gray-Hutchinson
10629460757,2025-12-05,-5146.45,Garza-Mcclain,
10629461311,2025-12-09,-8335.47,Sheppard-Tucker,
10629467943,2025-12-13,4730.06,,Woodward and Sons
10629472617,2025-12-13,5658.41,,"Johnson, Coleman and Garcia"
10629476350,2025-12-14,-5119.79,Collins-Owens,
10629482459,2025-12-16,-3113.55,Wells-Randall,
10629486163,2025-12-20,-4662.52,Logan Ltd,
10629486163,2025-12-20,-4662.52,Logan Ltd,
10629486364,2025-12-22,3767.26,,"Barnes, Bates and Williams"
10629493357,2025-12-24,5504.9,,"Patrick, Barrera and Collins"
10629496491,2025-12-25,2302.27,,"Golden, Lowery and Banks"
10629496491,2025-12-25,2302.27,,"Golden, Lowery and Banks"
10629501285,2025-12-25,-5420.31,Wagner LLC,
10629502542,2025-12-27,-843.99,Bell-White,
10629511771,2025-12-30,8371.47,,"Summers, Barnett and Smith"
10629521039,2026-01-02,-4913.65,Perry-Garcia,
10629523345,2026-01-07,5141.37,,Sheppard-Tucker
10629527242,2026-01-08,-3767.48,Mcdowell Inc,
10629531861,2026-01-12,5630.32,,"Williams, Campbell and Allen"
10629531861,2026-01-12,5630.32,,"Williams, Campbell and Allen"
10629540380,2026-01-15,6586.62,,Grimes-Green
10629549356,2026-01-16,6785.02,,Carlson Group
10629550914,2026-01-20,-8811.63,"Fischer, Baird and Lowe",
10629557506,2026-01-25,-5979.22,"Barnes, Bates and Williams",
10629560310,2026-01-29,4263.01,,"Allen, Williams and White"
10629563575,2026-01-29,7042.54,,Faulkner-Howard
10629571428,2026-02-03,-1399.42,"Mcdonald, Carlson and Lyons",
10629572942,2026-02-08,5815.99,,"Martinez, Clark and Owen"
10629572942,2026-02-08,5815.99,,"Martinez, Clark and Owen"
10629575758,2026-02-11,1352.55,,"Summers, Barnett and Smith"
10629579175,2026-02-12,-7406.62,Wells-Randall,
10629585356,2026-02-15,4805.14,,Clayton-Cook
10629591408,2026-02-18,9793.0,,Lopez and Sons
10629599974,2026-02-21,397.4,,"Chambers, Levy and Brown"
10629601279,2026-02-21,-2666.26,"Barnes, Bates and Williams",
10629602913,2026-02-21,-6220.39,Lopez and Sons,
10629612281,2026-02-24,-6880.62,"Bryan, Barnes and Hill",
10629615961,2026-02-28,-6537.46,Williams PLC,
10629621592,2026-03-01,-6223.1,Matthews-Rogers,
10629621592,2026-03-01,-6223.1,Matthews-Rogers,
10629626972,2026-03-01,9809.1,,Wells-Randall
10629635685,2026-03-05,-1853.05,"Miller, Wheeler and Hale",
